\BOOKMARK [1][-]{section.0.1}{\376\377\000L\000E\000C\000T\000U\000R\000E\000S\000\040\000O\000N\000\040\000Q\000U\000A\000N\000T\000U\000M\000\040\000M\000E\000C\000H\000A\000N\000I\000C\000S}{}% 1
\BOOKMARK [1][-]{section.0.2}{\376\377\000L\000E\000C\000T\000U\000R\000E\000S\000\040\000O\000N\000\040\000Q\000U\000A\000N\000T\000U\000M\000\040\000M\000E\000C\000H\000A\000N\000I\000C\000S}{}% 2
\BOOKMARK [1][-]{section.0.3}{\376\377\000L\000E\000C\000T\000U\000R\000E\000\040\000N\000O\000T\000E\000S\000\040\000A\000N\000D\000\040\000S\000U\000P\000P\000L\000E\000M\000E\000N\000T\000S\000\040\000I\000N\000\040\000P\000H\000Y\000S\000I\000C\000S}{}% 3
\BOOKMARK [1][-]{section.0.4}{\376\377\000L\000E\000C\000T\000U\000R\000E\000S\000\040\000O\000N\000\040\000Q\000U\000A\000N\000T\000U\000M\000\040\000M\000E\000C\000H\000A\000N\000I\000C\000S}{}% 4
\BOOKMARK [1][-]{section.0.5}{\376\377\000P\000R\000E\000F\000A\000C\000E}{}% 5
\BOOKMARK [1][-]{section.0.6}{\376\377\000C\000O\000N\000T\000E\000N\000T\000S}{}% 6
\BOOKMARK [1][-]{section.0.7}{\376\377\000C\000O\000N\000T\000E\000N\000T\000S\000\040\000i\000x}{}% 7
\BOOKMARK [0][-]{chapter.1}{\376\377\000P\000h\000o\000t\000o\000n\000\040\000P\000o\000l\000a\000r\000i\000z\000a\000t\000i\000o\000n}{}% 8
\BOOKMARK [1][-]{section.1.1}{\376\377\000P\000h\000o\000t\000o\000n\000\040\000P\000o\000l\000a\000r\000i\000z\000a\000t\000i\000o\000n}{chapter.1}% 9
\BOOKMARK [2][-]{subsection.1.1.1}{\376\377\000C\000l\000a\000s\000s\000i\000c\000a\000l\000\040\000D\000e\000s\000c\000r\000i\000p\000t\000i\000o\000n\000\040\000o\000f\000\040\000P\000o\000l\000a\000r\000i\000z\000e\000d\000\040\000L\000i\000g\000h\000t}{section.1.1}% 10
\BOOKMARK [2][-]{subsection.1.1.2}{\376\377\000F\000i\000e\000l\000d\000\040\000E\000n\000e\000r\000g\000y\000\040\000a\000n\000d\000\040\000t\000h\000e\000\040\000Q\000u\000a\000n\000t\000u\000m\000\040\000H\000y\000p\000o\000t\000h\000e\000s\000i\000s}{section.1.1}% 11
\BOOKMARK [2][-]{subsection.1.1.3}{\376\377\000S\000t\000a\000t\000e\000\040\000V\000e\000c\000t\000o\000r\000s\000\040\000a\000n\000d\000\040\000t\000h\000e\000\040\000S\000u\000p\000e\000r\000p\000o\000s\000i\000t\000i\000o\000n\000\040\000P\000r\000i\000n\000c\000i\000p\000l\000e}{section.1.1}% 12
\BOOKMARK [2][-]{subsection.1.1.4}{\376\377\000P\000r\000o\000b\000a\000b\000i\000l\000i\000t\000y\000\040\000A\000m\000p\000l\000i\000t\000u\000d\000e\000s\000\040\000a\000n\000d\000\040\000M\000e\000a\000s\000u\000r\000e\000m\000e\000n\000t}{section.1.1}% 13
\BOOKMARK [1][-]{section.1.2}{\376\377\000T\000r\000a\000n\000s\000f\000o\000r\000m\000a\000t\000i\000o\000n\000\040\000o\000f\000\040\000B\000a\000s\000e\000s}{chapter.1}% 14
\BOOKMARK [2][-]{subsection.1.2.1}{\376\377\000G\000e\000n\000e\000r\000a\000l\000\040\000B\000a\000s\000i\000s\000\040\000T\000r\000a\000n\000s\000f\000o\000r\000m\000a\000t\000i\000o\000n\000s}{section.1.2}% 15
\BOOKMARK [2][-]{subsection.1.2.2}{\376\377\000R\000o\000t\000a\000t\000i\000o\000n\000s\000\040\000i\000n\000\040\000t\000h\000e\000\040\000T\000r\000a\000n\000s\000v\000e\000r\000s\000e\000\040\000P\000l\000a\000n\000e}{section.1.2}% 16
\BOOKMARK [2][-]{subsection.1.2.3}{\376\377\000E\000i\000g\000e\000n\000v\000a\000l\000u\000e\000s\000,\000\040\000E\000i\000g\000e\000n\000v\000e\000c\000t\000o\000r\000s\000,\000\040\000a\000n\000d\000\040\000t\000h\000e\000\040\000S\000p\000i\000n\000\040\000O\000p\000e\000r\000a\000t\000o\000r}{section.1.2}% 17
\BOOKMARK [1][-]{section.1.3}{\376\377\000A\000n\000g\000u\000l\000a\000r\000\040\000M\000o\000m\000e\000n\000t\000u\000m\000\040\000o\000f\000\040\000t\000h\000e\000\040\000P\000h\000o\000t\000o\000n}{chapter.1}% 18
\BOOKMARK [2][-]{subsection.1.3.1}{\376\377\000C\000l\000a\000s\000s\000i\000c\000a\000l\000\040\000E\000l\000e\000c\000t\000r\000o\000m\000a\000g\000n\000e\000t\000i\000c\000\040\000A\000n\000g\000u\000l\000a\000r\000\040\000M\000o\000m\000e\000n\000t\000u\000m}{section.1.3}% 19
\BOOKMARK [2][-]{subsection.1.3.2}{\376\377\000Q\000u\000a\000n\000t\000u\000m\000\040\000I\000n\000t\000e\000r\000p\000r\000e\000t\000a\000t\000i\000o\000n\000\040\000a\000n\000d\000\040\000E\000x\000p\000e\000c\000t\000a\000t\000i\000o\000n\000\040\000V\000a\000l\000u\000e\000s}{section.1.3}% 20
\BOOKMARK [2][-]{subsection.1.3.3}{\376\377\000D\000i\000r\000a\000c\000\040\000N\000o\000t\000a\000t\000i\000o\000n\000:\000\040\000O\000u\000t\000e\000r\000\040\000P\000r\000o\000d\000u\000c\000t\000s\000\040\000a\000n\000d\000\040\000S\000p\000e\000c\000t\000r\000a\000l\000\040\000D\000e\000c\000o\000m\000p\000o\000s\000i\000t\000i\000o\000n}{section.1.3}% 21
\BOOKMARK [1][-]{section.1.4}{\376\377\000A\000m\000p\000l\000i\000t\000u\000d\000e\000\040\000M\000e\000c\000h\000a\000n\000i\000c\000s}{chapter.1}% 22
\BOOKMARK [2][-]{subsection.1.4.1}{\376\377\000Q\000u\000a\000n\000t\000u\000m\000\040\000S\000u\000p\000e\000r\000p\000o\000s\000i\000t\000i\000o\000n\000\040\000v\000e\000r\000s\000u\000s\000\040\000C\000l\000a\000s\000s\000i\000c\000a\000l\000\040\000M\000i\000x\000t\000u\000r\000e\000s}{section.1.4}% 23
\BOOKMARK [2][-]{subsection.1.4.2}{\376\377\000T\000h\000e\000\040\000F\000u\000n\000d\000a\000m\000e\000n\000t\000a\000l\000\040\000R\000u\000l\000e\000s\000\040\000o\000f\000\040\000A\000m\000p\000l\000i\000t\000u\000d\000e\000\040\000M\000e\000c\000h\000a\000n\000i\000c\000s}{section.1.4}% 24
\BOOKMARK [2][-]{subsection.1.4.3}{\376\377\000D\000i\000s\000t\000i\000n\000g\000u\000i\000s\000h\000a\000b\000i\000l\000i\000t\000y\000,\000\040\000C\000o\000m\000p\000l\000e\000m\000e\000n\000t\000a\000r\000i\000t\000y\000,\000\040\000a\000n\000d\000\040\000t\000h\000e\000\040\000U\000n\000c\000e\000r\000t\000a\000i\000n\000t\000y\000\040\000P\000r\000i\000n\000c\000i\000p\000l\000e}{section.1.4}% 25
\BOOKMARK [1][-]{section.1.5}{\376\377\000U\000n\000p\000o\000l\000a\000r\000i\000z\000e\000d\000\040\000L\000i\000g\000h\000t\000\040\000a\000n\000d\000\040\000M\000i\000x\000e\000d\000\040\000S\000t\000a\000t\000e\000s}{chapter.1}% 26
\BOOKMARK [2][-]{subsection.1.5.1}{\376\377\000P\000u\000r\000e\000\040\000S\000t\000a\000t\000e\000s\000\040\000v\000e\000r\000s\000u\000s\000\040\000M\000i\000x\000e\000d\000\040\000S\000t\000a\000t\000e\000s}{section.1.5}% 27
\BOOKMARK [2][-]{subsection.1.5.2}{\376\377\000P\000h\000a\000s\000e\000\040\000R\000a\000n\000d\000o\000m\000i\000z\000a\000t\000i\000o\000n\000\040\000a\000n\000d\000\040\000D\000e\000c\000o\000h\000e\000r\000e\000n\000c\000e}{section.1.5}% 28
\BOOKMARK [2][-]{subsection.1.5.3}{\376\377\000Q\000u\000a\000n\000t\000u\000m\000\040\000M\000e\000c\000h\000a\000n\000i\000c\000a\000l\000\040\000D\000e\000f\000i\000n\000i\000t\000i\000o\000n\000\040\000o\000f\000\040\000U\000n\000p\000o\000l\000a\000r\000i\000z\000e\000d\000\040\000L\000i\000g\000h\000t}{section.1.5}% 29
\BOOKMARK [2][-]{subsection.1.5.4}{\376\377\000B\000a\000s\000i\000s\000\040\000I\000n\000d\000e\000p\000e\000n\000d\000e\000n\000c\000e}{section.1.5}% 30
\BOOKMARK [1][-]{section.1.6}{\376\377\000B\000e\000h\000a\000v\000i\000o\000r\000\040\000o\000f\000\040\000P\000h\000o\000t\000o\000n\000\040\000P\000o\000l\000a\000r\000i\000z\000a\000t\000i\000o\000n\000\040\000i\000n\000\040\000M\000a\000t\000t\000e\000r}{chapter.1}% 31
\BOOKMARK [2][-]{subsection.1.6.1}{\376\377\000B\000i\000r\000e\000f\000r\000i\000n\000g\000e\000n\000c\000e\000\040\000a\000n\000d\000\040\000t\000h\000e\000\040\000E\000v\000o\000l\000u\000t\000i\000o\000n\000\040\000O\000p\000e\000r\000a\000t\000o\000r}{section.1.6}% 32
\BOOKMARK [2][-]{subsection.1.6.2}{\376\377\000T\000r\000a\000n\000s\000i\000t\000i\000o\000n\000\040\000A\000m\000p\000l\000i\000t\000u\000d\000e\000s\000\040\000a\000n\000d\000\040\000P\000r\000o\000b\000a\000b\000i\000l\000i\000t\000i\000e\000s}{section.1.6}% 33
\BOOKMARK [2][-]{subsection.1.6.3}{\376\377\000S\000p\000a\000t\000i\000a\000l\000\040\000E\000v\000o\000l\000u\000t\000i\000o\000n\000:\000\040\000T\000h\000e\000\040\000W\000a\000v\000e\000n\000u\000m\000b\000e\000r\000\040\000O\000p\000e\000r\000a\000t\000o\000r}{section.1.6}% 34
\BOOKMARK [2][-]{subsection.1.6.4}{\376\377\000C\000o\000n\000s\000e\000r\000v\000a\000t\000i\000o\000n\000\040\000o\000f\000\040\000P\000r\000o\000b\000a\000b\000i\000l\000i\000t\000y\000,\000\040\000H\000e\000r\000m\000i\000t\000i\000c\000i\000t\000y\000,\000\040\000a\000n\000d\000\040\000U\000n\000i\000t\000a\000r\000i\000t\000y}{section.1.6}% 35
\BOOKMARK [1][-]{section.1.7}{\376\377\000P\000r\000o\000b\000l\000e\000m\000s}{chapter.1}% 36
\BOOKMARK [0][-]{chapter.2}{\376\377\000N\000e\000u\000t\000r\000a\000l\000\040\000K\000\040\000M\000e\000s\000o\000n\000s}{}% 37
\BOOKMARK [1][-]{section.2.1}{\376\377\000N\000e\000u\000t\000r\000a\000l\000\040\000K\000\040\000M\000e\000s\000o\000n\000s}{chapter.2}% 38
\BOOKMARK [2][-]{subsection.2.1.1}{\376\377\000S\000t\000r\000a\000n\000g\000e\000n\000e\000s\000s\000\040\000a\000n\000d\000\040\000K\000a\000o\000n\000\040\000P\000r\000o\000d\000u\000c\000t\000i\000o\000n}{section.2.1}% 39
\BOOKMARK [2][-]{subsection.2.1.2}{\376\377\000T\000h\000e\000\040\000T\000w\000o\000-\000S\000t\000a\000t\000e\000\040\000K\000a\000o\000n\000\040\000S\000y\000s\000t\000e\000m\000\040\000a\000n\000d\000\040\000t\000h\000e\000\040\000S\000t\000r\000a\000n\000g\000e\000n\000e\000s\000s\000\040\000O\000p\000e\000r\000a\000t\000o\000r}{section.2.1}% 40
\BOOKMARK [2][-]{subsection.2.1.3}{\376\377\000C\000h\000a\000r\000g\000e\000\040\000C\000o\000n\000j\000u\000g\000a\000t\000i\000o\000n\000\040\000P\000a\000r\000i\000t\000y\000\040\000a\000n\000d\000\040\000C\000P\000\040\000E\000i\000g\000e\000n\000s\000t\000a\000t\000e\000s}{section.2.1}% 41
\BOOKMARK [2][-]{subsection.2.1.4}{\376\377\000W\000e\000a\000k\000\040\000D\000e\000c\000a\000y\000s\000\040\000a\000n\000d\000\040\000L\000i\000f\000e\000t\000i\000m\000e\000s}{section.2.1}% 42
\BOOKMARK [2][-]{subsection.2.1.5}{\376\377\000T\000i\000m\000e\000\040\000E\000v\000o\000l\000u\000t\000i\000o\000n\000\040\000a\000n\000d\000\040\000D\000e\000c\000a\000y\000i\000n\000g\000\040\000S\000t\000a\000t\000e\000s}{section.2.1}% 43
\BOOKMARK [1][-]{section.2.2}{\376\377\000Q\000u\000a\000n\000t\000u\000m\000\040\000I\000n\000t\000e\000r\000f\000e\000r\000e\000n\000c\000e\000\040\000E\000f\000f\000e\000c\000t\000s}{chapter.2}% 44
\BOOKMARK [2][-]{subsection.2.2.1}{\376\377\000S\000t\000r\000a\000n\000g\000e\000n\000e\000s\000s\000\040\000O\000s\000c\000i\000l\000l\000a\000t\000i\000o\000n\000s\000\040\000\050\000K\0000\000\040\0000\000\051}{section.2.2}% 45
\BOOKMARK [2][-]{subsection.2.2.2}{\376\377\000R\000e\000g\000e\000n\000e\000r\000a\000t\000i\000o\000n\000\040\000o\000f\000\040\000S\000h\000o\000r\000t\000-\000L\000i\000v\000e\000d\000\040\000K\000a\000o\000n\000s}{section.2.2}% 46
\BOOKMARK [1][-]{section.2.3}{\376\377\000P\000r\000o\000b\000l\000e\000m\000s}{chapter.2}% 47
\BOOKMARK [0][-]{chapter.3}{\376\377\000T\000h\000e\000\040\000M\000o\000t\000i\000o\000n\000\040\000O\000f\000\040\000P\000a\000r\000t\000i\000c\000l\000e\000s\000\040\000I\000n\000\040\000Q\000u\000a\000n\000t\000u\000m\000\040\000M\000\040\000E\000c\000h\000a\000n\000i\000c\000s}{}% 48
\BOOKMARK [1][-]{section.3.1}{\376\377\000T\000h\000e\000\040\000M\000o\000t\000i\000o\000n\000\040\000o\000f\000\040\000P\000a\000r\000t\000i\000c\000l\000e\000s\000\040\000i\000n\000\040\000Q\000u\000a\000n\000t\000u\000m\000\040\000M\000e\000c\000h\000a\000n\000i\000c\000s}{chapter.3}% 49
\BOOKMARK [1][-]{section.3.2}{\376\377\000T\000h\000e\000\040\000S\000c\000h\000r\000\366\000d\000i\000n\000g\000e\000r\000\040\000E\000q\000u\000a\000t\000i\000o\000n}{chapter.3}% 50
\BOOKMARK [2][-]{subsection.3.2.1}{\376\377\000A\000m\000p\000l\000i\000t\000u\000d\000e\000\040\000H\000o\000p\000p\000i\000n\000g\000\040\000a\000n\000d\000\040\000T\000i\000m\000e\000\040\000E\000v\000o\000l\000u\000t\000i\000o\000n}{section.3.2}% 51
\BOOKMARK [2][-]{subsection.3.2.2}{\376\377\000P\000o\000t\000e\000n\000t\000i\000a\000l\000\040\000E\000n\000e\000r\000g\000y\000\040\000a\000n\000d\000\040\000t\000h\000e\000\040\000C\000o\000n\000t\000i\000n\000u\000u\000m\000\040\000L\000i\000m\000i\000t}{section.3.2}% 52
\BOOKMARK [2][-]{subsection.3.2.3}{\376\377\000F\000r\000e\000e\000\040\000P\000a\000r\000t\000i\000c\000l\000e\000\040\000W\000a\000v\000e\000\040\000S\000o\000l\000u\000t\000i\000o\000n\000s}{section.3.2}% 53
\BOOKMARK [1][-]{section.3.3}{\376\377\000S\000t\000a\000t\000e\000\040\000V\000e\000c\000t\000o\000r\000s\000\040\000i\000n\000\040\000C\000o\000n\000t\000i\000n\000u\000o\000u\000s\000\040\000S\000p\000a\000c\000e}{chapter.3}% 54
\BOOKMARK [2][-]{subsection.3.3.1}{\376\377\000I\000n\000n\000e\000r\000\040\000P\000r\000o\000d\000u\000c\000t\000\040\000a\000n\000d\000\040\000N\000o\000r\000m\000a\000l\000i\000z\000a\000t\000i\000o\000n}{section.3.3}% 55
\BOOKMARK [2][-]{subsection.3.3.2}{\376\377\000P\000o\000s\000i\000t\000i\000o\000n\000\040\000B\000a\000s\000i\000s\000\040\000a\000n\000d\000\040\000t\000h\000e\000\040\000C\000o\000m\000p\000l\000e\000t\000e\000n\000e\000s\000s\000\040\000R\000e\000l\000a\000t\000i\000o\000n}{section.3.3}% 56
\BOOKMARK [2][-]{subsection.3.3.3}{\376\377\000O\000r\000t\000h\000o\000g\000o\000n\000a\000l\000i\000t\000y\000\040\000a\000n\000d\000\040\000t\000h\000e\000\040\000D\000i\000r\000a\000c\000\040\000D\000e\000l\000t\000a\000\040\000F\000u\000n\000c\000t\000i\000o\000n}{section.3.3}% 57
\BOOKMARK [1][-]{section.3.4}{\376\377\000T\000h\000e\000\040\000D\000i\000r\000a\000c\000\040\000D\000e\000l\000t\000a\000\040\000F\000u\000n\000c\000t\000i\000o\000n\000\040\000a\000n\000d\000\040\000M\000o\000m\000e\000n\000t\000u\000m\000\040\000R\000e\000p\000r\000e\000s\000e\000n\000t\000a\000t\000i\000o\000n}{chapter.3}% 58
\BOOKMARK [2][-]{subsection.3.4.1}{\376\377\000P\000r\000o\000p\000e\000r\000t\000i\000e\000s\000\040\000o\000f\000\040\000t\000h\000e\000\040\000D\000i\000r\000a\000c\000\040\000D\000e\000l\000t\000a\000\040\000F\000u\000n\000c\000t\000i\000o\000n}{section.3.4}% 59
\BOOKMARK [2][-]{subsection.3.4.2}{\376\377\000F\000o\000u\000r\000i\000e\000r\000\040\000T\000r\000a\000n\000s\000f\000o\000r\000m\000\040\000a\000n\000d\000\040\000t\000h\000e\000\040\000M\000o\000m\000e\000n\000t\000u\000m\000\040\000B\000a\000s\000i\000s}{section.3.4}% 60
\BOOKMARK [2][-]{subsection.3.4.3}{\376\377\000P\000h\000y\000s\000i\000c\000a\000l\000\040\000I\000n\000t\000e\000r\000p\000r\000e\000t\000a\000t\000i\000o\000n\000\040\000o\000f\000\040\000t\000h\000e\000\040\000M\000o\000m\000e\000n\000t\000u\000m\000\040\000W\000a\000v\000e\000\040\000F\000u\000n\000c\000t\000i\000o\000n}{section.3.4}% 61
\BOOKMARK [1][-]{section.3.5}{\376\377\000Q\000u\000a\000n\000t\000u\000m\000\040\000O\000p\000e\000r\000a\000t\000o\000r\000s\000\040\000a\000n\000d\000\040\000O\000b\000s\000e\000r\000v\000a\000b\000l\000e\000s}{chapter.3}% 62
\BOOKMARK [2][-]{subsection.3.5.1}{\376\377\000T\000h\000e\000\040\000M\000o\000m\000e\000n\000t\000u\000m\000\040\000O\000p\000e\000r\000a\000t\000o\000r}{section.3.5}% 63
\BOOKMARK [2][-]{subsection.3.5.2}{\376\377\000T\000h\000e\000\040\000P\000o\000s\000i\000t\000i\000o\000n\000\040\000O\000p\000e\000r\000a\000t\000o\000r\000\040\000a\000n\000d\000\040\000P\000o\000t\000e\000n\000t\000i\000a\000l\000\040\000E\000n\000e\000r\000g\000y}{section.3.5}% 64
\BOOKMARK [2][-]{subsection.3.5.3}{\376\377\000T\000h\000e\000\040\000H\000a\000m\000i\000l\000t\000o\000n\000i\000a\000n\000\040\000O\000p\000e\000r\000a\000t\000o\000r\000\040\000a\000n\000d\000\040\000C\000a\000n\000o\000n\000i\000c\000a\000l\000\040\000Q\000u\000a\000n\000t\000i\000z\000a\000t\000i\000o\000n}{section.3.5}% 65
\BOOKMARK [1][-]{section.3.6}{\376\377\000T\000h\000e\000\040\000F\000r\000e\000e\000\040\000P\000a\000r\000t\000i\000c\000l\000e\000\040\000a\000n\000d\000\040\000W\000a\000v\000e\000\040\000P\000a\000c\000k\000e\000t\000\040\000D\000y\000n\000a\000m\000i\000c\000s}{chapter.3}% 66
\BOOKMARK [2][-]{subsection.3.6.1}{\376\377\000W\000a\000v\000e\000\040\000P\000a\000c\000k\000e\000t\000s\000\040\000a\000n\000d\000\040\000G\000r\000o\000u\000p\000\040\000V\000e\000l\000o\000c\000i\000t\000y}{section.3.6}% 67
\BOOKMARK [2][-]{subsection.3.6.2}{\376\377\000T\000h\000e\000\040\000H\000e\000i\000s\000e\000n\000b\000e\000r\000g\000\040\000U\000n\000c\000e\000r\000t\000a\000i\000n\000t\000y\000\040\000P\000r\000i\000n\000c\000i\000p\000l\000e}{section.3.6}% 68
\BOOKMARK [2][-]{subsection.3.6.3}{\376\377\000T\000h\000e\000\040\000F\000r\000e\000e\000\040\000P\000a\000r\000t\000i\000c\000l\000e\000\040\000P\000r\000o\000p\000a\000g\000a\000t\000o\000r\000\040\000a\000n\000d\000\040\000C\000l\000a\000s\000s\000i\000c\000a\000l\000\040\000A\000c\000t\000i\000o\000n}{section.3.6}% 69
\BOOKMARK [1][-]{section.3.7}{\376\377\000Q\000u\000a\000n\000t\000u\000m\000\040\000M\000e\000c\000h\000a\000n\000i\000c\000a\000l\000\040\000M\000o\000t\000i\000o\000n\000\040\000a\000s\000\040\000a\000\040\000S\000u\000m\000\040\000O\000v\000e\000r\000\040\000P\000a\000t\000h\000s}{chapter.3}% 70
\BOOKMARK [2][-]{subsection.3.7.1}{\376\377\000P\000a\000t\000h\000\040\000D\000i\000s\000c\000r\000e\000t\000i\000z\000a\000t\000i\000o\000n\000\040\000a\000n\000d\000\040\000t\000h\000e\000\040\000A\000c\000t\000i\000o\000n}{section.3.7}% 71
\BOOKMARK [2][-]{subsection.3.7.2}{\376\377\000D\000i\000f\000f\000r\000a\000c\000t\000i\000o\000n\000\040\000a\000s\000\040\000P\000a\000t\000h\000\040\000T\000r\000u\000n\000c\000a\000t\000i\000o\000n}{section.3.7}% 72
\BOOKMARK [2][-]{subsection.3.7.3}{\376\377\000T\000h\000e\000\040\000C\000l\000a\000s\000s\000i\000c\000a\000l\000\040\000L\000i\000m\000i\000t\000\040\000a\000n\000d\000\040\000H\000a\000m\000i\000l\000t\000o\000n\000'\000s\000\040\000P\000r\000i\000n\000c\000i\000p\000l\000e}{section.3.7}% 73
\BOOKMARK [1][-]{section.3.8}{\376\377\000P\000a\000r\000t\000i\000c\000l\000e\000\040\000i\000n\000\040\000a\000\040\000M\000a\000g\000n\000e\000t\000i\000c\000\040\000F\000i\000e\000l\000d\000\040\000a\000n\000d\000\040\000t\000h\000e\000\040\000P\000e\000i\000e\000r\000l\000s\000\040\000P\000h\000a\000s\000e}{chapter.3}% 74
\BOOKMARK [2][-]{subsection.3.8.1}{\376\377\000D\000i\000s\000c\000r\000e\000t\000e\000\040\000L\000a\000t\000t\000i\000c\000e\000\040\000P\000e\000r\000s\000p\000e\000c\000t\000i\000v\000e\000\040\000a\000n\000d\000\040\000t\000h\000e\000\040\000P\000e\000i\000e\000r\000l\000s\000\040\000S\000u\000b\000s\000t\000i\000t\000u\000t\000i\000o\000n}{section.3.8}% 75
\BOOKMARK [2][-]{subsection.3.8.2}{\376\377\000M\000a\000g\000n\000e\000t\000i\000c\000\040\000V\000e\000c\000t\000o\000r\000\040\000P\000o\000t\000e\000n\000t\000i\000a\000l\000\040\000i\000n\000\040\000t\000h\000e\000\040\000P\000a\000t\000h\000\040\000I\000n\000t\000e\000g\000r\000a\000l}{section.3.8}% 76
\BOOKMARK [1][-]{section.3.9}{\376\377\000T\000h\000e\000\040\000A\000h\000a\000r\000o\000n\000o\000v\000-\000B\000o\000h\000m\000\040\000E\000f\000f\000e\000c\000t}{chapter.3}% 77
\BOOKMARK [2][-]{subsection.3.9.1}{\376\377\000P\000h\000y\000s\000i\000c\000a\000l\000\040\000I\000m\000p\000l\000i\000c\000a\000t\000i\000o\000n\000s\000\040\000a\000n\000d\000\040\000G\000a\000u\000g\000e\000\040\000I\000n\000v\000a\000r\000i\000a\000n\000c\000e}{section.3.9}% 78
\BOOKMARK [1][-]{section.3.10}{\376\377\000P\000r\000o\000b\000l\000e\000m\000s}{chapter.3}% 79
\BOOKMARK [0][-]{chapter.4}{\376\377\000P\000o\000t\000e\000n\000t\000i\000a\000l\000\040\000P\000r\000o\000b\000l\000e\000m\000s\000\040\000M\000o\000s\000t\000l\000y\000\040\000I\000n\000\040\000O\000n\000e\000\040\000D\000i\000m\000e\000n\000s\000i\000o\000n}{}% 80
\BOOKMARK [1][-]{section.4.1}{\376\377\000P\000o\000t\000e\000n\000t\000i\000a\000l\000\040\000P\000r\000o\000b\000l\000e\000m\000s\000,\000\040\000M\000o\000s\000t\000l\000y\000\040\000i\000n\000\040\000O\000n\000e\000\040\000D\000i\000m\000e\000n\000s\000i\000o\000n}{chapter.4}% 81
\BOOKMARK [1][-]{section.4.2}{\376\377\000P\000r\000o\000p\000e\000r\000t\000i\000e\000s\000\040\000o\000f\000\040\000H\000e\000r\000m\000i\000t\000i\000a\000n\000\040\000O\000p\000e\000r\000a\000t\000o\000r\000s}{chapter.4}% 82
\BOOKMARK [2][-]{subsection.4.2.1}{\376\377\000D\000e\000f\000i\000n\000i\000t\000i\000o\000n\000\040\000a\000n\000d\000\040\000A\000d\000j\000o\000i\000n\000t\000\040\000A\000l\000g\000e\000b\000r\000a}{section.4.2}% 83
\BOOKMARK [2][-]{subsection.4.2.2}{\376\377\000H\000e\000r\000m\000i\000t\000i\000c\000i\000t\000y\000\040\000o\000f\000\040\000P\000o\000s\000i\000t\000i\000o\000n\000\040\000a\000n\000d\000\040\000M\000o\000m\000e\000n\000t\000u\000m}{section.4.2}% 84
\BOOKMARK [2][-]{subsection.4.2.3}{\376\377\000S\000p\000e\000c\000t\000r\000a\000l\000\040\000T\000h\000e\000o\000r\000e\000m\000s\000:\000\040\000R\000e\000a\000l\000i\000t\000y\000\040\000o\000f\000\040\000E\000i\000g\000e\000n\000v\000a\000l\000u\000e\000s\000\040\000a\000n\000d\000\040\000O\000r\000t\000h\000o\000g\000o\000n\000a\000l\000i\000t\000y}{section.4.2}% 85
\BOOKMARK [2][-]{subsection.4.2.4}{\376\377\000C\000o\000m\000p\000l\000e\000t\000e\000n\000e\000s\000s\000\040\000a\000n\000d\000\040\000S\000p\000e\000c\000t\000r\000a\000l\000\040\000R\000e\000s\000o\000l\000u\000t\000i\000o\000n}{section.4.2}% 86
\BOOKMARK [1][-]{section.4.3}{\376\377\000E\000n\000e\000r\000g\000y\000\040\000E\000i\000g\000e\000n\000s\000t\000a\000t\000e\000s\000\040\000a\000n\000d\000\040\000S\000t\000a\000t\000i\000o\000n\000a\000r\000y\000\040\000S\000t\000a\000t\000e\000s}{chapter.4}% 87
\BOOKMARK [2][-]{subsection.4.3.1}{\376\377\000S\000t\000a\000t\000i\000o\000n\000a\000r\000y\000\040\000P\000r\000o\000p\000e\000r\000t\000i\000e\000s\000\040\000o\000f\000\040\000E\000n\000e\000r\000g\000y\000\040\000E\000i\000g\000e\000n\000s\000t\000a\000t\000e\000s}{section.4.3}% 88
\BOOKMARK [2][-]{subsection.4.3.2}{\376\377\000G\000e\000n\000e\000r\000a\000l\000\040\000T\000i\000m\000e\000\040\000E\000v\000o\000l\000u\000t\000i\000o\000n\000\040\000v\000i\000a\000\040\000S\000p\000e\000c\000t\000r\000a\000l\000\040\000E\000x\000p\000a\000n\000s\000i\000o\000n}{section.4.3}% 89
\BOOKMARK [1][-]{section.4.4}{\376\377\000O\000n\000e\000-\000D\000i\000m\000e\000n\000s\000i\000o\000n\000a\000l\000\040\000P\000o\000t\000e\000n\000t\000i\000a\000l\000\040\000S\000t\000e\000p\000\040\000a\000n\000d\000\040\000S\000c\000a\000t\000t\000e\000r\000i\000n\000g}{chapter.4}% 90
\BOOKMARK [2][-]{subsection.4.4.1}{\376\377\000S\000c\000a\000t\000t\000e\000r\000i\000n\000g\000\040\000A\000b\000o\000v\000e\000\040\000t\000h\000e\000\040\000B\000a\000r\000r\000i\000e\000r\000\040\000\050\000E\000\040\000>\000\040\000V\0000\000\051}{section.4.4}% 91
\BOOKMARK [2][-]{subsection.4.4.2}{\376\377\000W\000a\000v\000e\000\040\000P\000a\000c\000k\000e\000t\000\040\000D\000y\000n\000a\000m\000i\000c\000s}{section.4.4}% 92
\BOOKMARK [2][-]{subsection.4.4.3}{\376\377\000T\000o\000t\000a\000l\000\040\000R\000e\000f\000l\000e\000c\000t\000i\000o\000n\000\040\000a\000n\000d\000\040\000E\000v\000a\000n\000e\000s\000c\000e\000n\000t\000\040\000W\000a\000v\000e\000s\000\040\000\050\000E\000\040\000<\000\040\000V\0000\000\051}{section.4.4}% 93
\BOOKMARK [1][-]{section.4.5}{\376\377\000Q\000u\000a\000n\000t\000u\000m\000\040\000T\000u\000n\000n\000e\000l\000i\000n\000g}{chapter.4}% 94
\BOOKMARK [2][-]{subsection.4.5.1}{\376\377\000T\000r\000a\000n\000s\000m\000i\000s\000s\000i\000o\000n\000\040\000A\000m\000p\000l\000i\000t\000u\000d\000e\000\040\000a\000n\000d\000\040\000T\000u\000n\000n\000e\000l\000i\000n\000g\000\040\000P\000r\000o\000b\000a\000b\000i\000l\000i\000t\000y}{section.4.5}% 95
\BOOKMARK [2][-]{subsection.4.5.2}{\376\377\000E\000n\000e\000r\000g\000y\000-\000T\000i\000m\000e\000\040\000U\000n\000c\000e\000r\000t\000a\000i\000n\000t\000y\000\040\000a\000n\000d\000\040\000T\000r\000a\000n\000s\000i\000t\000\040\000T\000i\000m\000e}{section.4.5}% 96
\BOOKMARK [2][-]{subsection.4.5.3}{\376\377\000P\000h\000y\000s\000i\000c\000a\000l\000\040\000A\000p\000p\000l\000i\000c\000a\000t\000i\000o\000n\000s}{section.4.5}% 97
\BOOKMARK [1][-]{section.4.6}{\376\377\000B\000o\000u\000n\000d\000\040\000S\000t\000a\000t\000e\000s\000\040\000a\000n\000d\000\040\000t\000h\000e\000\040\000I\000n\000f\000i\000n\000i\000t\000e\000\040\000P\000o\000t\000e\000n\000t\000i\000a\000l\000\040\000W\000e\000l\000l}{chapter.4}% 98
\BOOKMARK [2][-]{subsection.4.6.1}{\376\377\000T\000h\000e\000\040\000O\000n\000e\000-\000D\000i\000m\000e\000n\000s\000i\000o\000n\000a\000l\000\040\000I\000n\000f\000i\000n\000i\000t\000e\000\040\000S\000q\000u\000a\000r\000e\000\040\000W\000e\000l\000l}{section.4.6}% 99
\BOOKMARK [2][-]{subsection.4.6.2}{\376\377\000Z\000e\000r\000o\000-\000P\000o\000i\000n\000t\000\040\000E\000n\000e\000r\000g\000y\000\040\000a\000n\000d\000\040\000Q\000u\000a\000n\000t\000u\000m\000\040\000C\000o\000n\000f\000i\000n\000e\000m\000e\000n\000t}{section.4.6}% 100
\BOOKMARK [2][-]{subsection.4.6.3}{\376\377\000M\000a\000c\000r\000o\000s\000c\000o\000p\000i\000c\000\040\000Q\000u\000a\000n\000t\000u\000m\000\040\000E\000f\000f\000e\000c\000t\000s\000:\000\040\000L\000i\000q\000u\000i\000d\000\040\000H\000e\000l\000i\000u\000m}{section.4.6}% 101
\BOOKMARK [1][-]{section.4.7}{\376\377\000P\000a\000r\000i\000t\000y\000\040\000S\000y\000m\000m\000e\000t\000r\000y\000\040\000a\000n\000d\000\040\000C\000o\000m\000m\000u\000t\000i\000n\000g\000\040\000O\000b\000s\000e\000r\000v\000a\000b\000l\000e\000s}{chapter.4}% 102
\BOOKMARK [2][-]{subsection.4.7.1}{\376\377\000T\000h\000e\000\040\000P\000a\000r\000i\000t\000y\000\040\000O\000p\000e\000r\000a\000t\000o\000r}{section.4.7}% 103
\BOOKMARK [2][-]{subsection.4.7.2}{\376\377\000G\000e\000n\000e\000r\000a\000l\000\040\000T\000h\000e\000o\000r\000y\000\040\000o\000f\000\040\000C\000o\000m\000m\000u\000t\000i\000n\000g\000\040\000O\000b\000s\000e\000r\000v\000a\000b\000l\000e\000s}{section.4.7}% 104
\BOOKMARK [2][-]{subsection.4.7.3}{\376\377\000A\000p\000p\000l\000i\000c\000a\000t\000i\000o\000n\000:\000\040\000T\000h\000e\000\040\000F\000i\000n\000i\000t\000e\000\040\000S\000y\000m\000m\000e\000t\000r\000i\000c\000\040\000S\000q\000u\000a\000r\000e\000\040\000W\000e\000l\000l}{section.4.7}% 105
\BOOKMARK [1][-]{section.4.8}{\376\377\000T\000r\000a\000n\000s\000m\000i\000s\000s\000i\000o\000n\000\040\000R\000e\000s\000o\000n\000a\000n\000c\000e\000s\000\040\000a\000n\000d\000\040\000C\000o\000m\000p\000l\000e\000x\000\040\000E\000n\000e\000r\000g\000y\000\040\000P\000o\000l\000e\000s}{chapter.4}% 106
\BOOKMARK [2][-]{subsection.4.8.1}{\376\377\000R\000e\000s\000o\000n\000a\000n\000c\000e\000\040\000C\000o\000n\000d\000i\000t\000i\000o\000n\000\040\000a\000n\000d\000\040\000P\000e\000r\000f\000e\000c\000t\000\040\000T\000r\000a\000n\000s\000m\000i\000s\000s\000i\000o\000n}{section.4.8}% 107
\BOOKMARK [2][-]{subsection.4.8.2}{\376\377\000A\000n\000a\000l\000y\000t\000i\000c\000\040\000S\000t\000r\000u\000c\000t\000u\000r\000e\000\040\000o\000f\000\040\000t\000h\000e\000\040\000S\000-\000M\000a\000t\000r\000i\000x}{section.4.8}% 108
\BOOKMARK [2][-]{subsection.4.8.3}{\376\377\000W\000a\000v\000e\000\040\000P\000a\000c\000k\000e\000t\000\040\000D\000y\000n\000a\000m\000i\000c\000s\000\040\000a\000n\000d\000\040\000E\000x\000p\000o\000n\000e\000n\000t\000i\000a\000l\000\040\000D\000e\000c\000a\000y}{section.4.8}% 109
\BOOKMARK [1][-]{section.4.9}{\376\377\000T\000h\000e\000\040\000O\000n\000e\000-\000D\000i\000m\000e\000n\000s\000i\000o\000n\000a\000l\000\040\000D\000e\000l\000t\000a\000-\000F\000u\000n\000c\000t\000i\000o\000n\000\040\000P\000o\000t\000e\000n\000t\000i\000a\000l}{chapter.4}% 110
\BOOKMARK [2][-]{subsection.4.9.1}{\376\377\000G\000r\000e\000e\000n\000'\000s\000\040\000F\000u\000n\000c\000t\000i\000o\000n\000\040\000F\000o\000r\000m\000u\000l\000a\000t\000i\000o\000n\000\040\000a\000n\000d\000\040\000S\000c\000a\000t\000t\000e\000r\000i\000n\000g\000\040\000S\000t\000a\000t\000e\000s}{section.4.9}% 111
\BOOKMARK [2][-]{subsection.4.9.2}{\376\377\000B\000o\000u\000n\000d\000\040\000S\000t\000a\000t\000e\000\040\000f\000o\000r\000\040\000A\000t\000t\000r\000a\000c\000t\000i\000v\000e\000\040\000P\000o\000t\000e\000n\000t\000i\000a\000l\000\040\000\050\000v\0000\000\040\000<\000\040\0000\000\051}{section.4.9}% 112
\BOOKMARK [1][-]{section.4.10}{\376\377\000P\000e\000r\000i\000o\000d\000i\000c\000\040\000P\000o\000t\000e\000n\000t\000i\000a\000l\000s\000\040\000a\000n\000d\000\040\000B\000a\000n\000d\000\040\000T\000h\000e\000o\000r\000y}{chapter.4}% 113
\BOOKMARK [2][-]{subsection.4.10.1}{\376\377\000T\000r\000a\000n\000s\000l\000a\000t\000i\000o\000n\000\040\000S\000y\000m\000m\000e\000t\000r\000y\000\040\000a\000n\000d\000\040\000B\000l\000o\000c\000h\000'\000s\000\040\000T\000h\000e\000o\000r\000e\000m}{section.4.10}% 114
\BOOKMARK [2][-]{subsection.4.10.2}{\376\377\000T\000h\000e\000\040\000K\000r\000o\000n\000i\000g\000-\000P\000e\000n\000n\000e\000y\000\040\000M\000o\000d\000e\000l\000\040\000w\000i\000t\000h\000\040\000D\000e\000l\000t\000a\000-\000F\000u\000n\000c\000t\000i\000o\000n\000\040\000B\000a\000r\000r\000i\000e\000r\000s}{section.4.10}% 115
\BOOKMARK [2][-]{subsection.4.10.3}{\376\377\000B\000o\000r\000n\000-\000v\000o\000n\000\040\000K\000\341\000r\000m\000\341\000n\000\040\000B\000o\000u\000n\000d\000a\000r\000y\000\040\000C\000o\000n\000d\000i\000t\000i\000o\000n\000s\000\040\000a\000n\000d\000\040\000B\000a\000n\000d\000\040\000F\000i\000l\000l\000i\000n\000g}{section.4.10}% 116
\BOOKMARK [2][-]{subsection.4.10.4}{\376\377\000I\000n\000s\000u\000l\000a\000t\000o\000r\000s\000\040\000v\000e\000r\000s\000u\000s\000\040\000C\000o\000n\000d\000u\000c\000t\000o\000r\000s}{section.4.10}% 117
\BOOKMARK [1][-]{section.4.11}{\376\377\000T\000h\000e\000\040\000Q\000u\000a\000n\000t\000u\000m\000\040\000H\000a\000r\000m\000o\000n\000i\000c\000\040\000O\000s\000c\000i\000l\000l\000a\000t\000o\000r}{chapter.4}% 118
\BOOKMARK [2][-]{subsection.4.11.1}{\376\377\000D\000i\000r\000a\000c\000\040\000L\000a\000d\000d\000e\000r\000\040\000O\000p\000e\000r\000a\000t\000o\000r\000s\000\040\000a\000n\000d\000\040\000t\000h\000e\000\040\000N\000u\000m\000b\000e\000r\000\040\000O\000p\000e\000r\000a\000t\000o\000r}{section.4.11}% 119
\BOOKMARK [2][-]{subsection.4.11.2}{\376\377\000E\000n\000e\000r\000g\000y\000\040\000S\000p\000e\000c\000t\000r\000u\000m\000\040\000a\000n\000d\000\040\000L\000a\000d\000d\000e\000r\000\040\000A\000l\000g\000e\000b\000r\000a}{section.4.11}% 120
\BOOKMARK [2][-]{subsection.4.11.3}{\376\377\000W\000a\000v\000e\000\040\000F\000u\000n\000c\000t\000i\000o\000n\000s\000\040\000i\000n\000\040\000t\000h\000e\000\040\000P\000o\000s\000i\000t\000i\000o\000n\000\040\000R\000e\000p\000r\000e\000s\000e\000n\000t\000a\000t\000i\000o\000n}{section.4.11}% 121
\BOOKMARK [1][-]{section.4.12}{\376\377\000P\000r\000o\000b\000l\000e\000m\000s}{chapter.4}% 122
\BOOKMARK [0][-]{chapter.5}{\376\377\000E\000q\000u\000a\000t\000i\000o\000n\000s\000\040\000O\000f\000\040\000M\000o\000t\000i\000o\000n\000\040\000F\000o\000r\000\040\000O\000p\000e\000r\000a\000t\000o\000r\000s}{}% 123
\BOOKMARK [1][-]{section.5.1}{\376\377\000E\000q\000u\000a\000t\000i\000o\000n\000s\000\040\000o\000f\000\040\000M\000o\000t\000i\000o\000n\000\040\000f\000o\000r\000\040\000O\000p\000e\000r\000a\000t\000o\000r\000s}{chapter.5}% 124
\BOOKMARK [1][-]{section.5.2}{\376\377\000F\000u\000n\000c\000t\000i\000o\000n\000s\000\040\000o\000f\000\040\000O\000p\000e\000r\000a\000t\000o\000r\000s}{chapter.5}% 125
\BOOKMARK [2][-]{subsection.5.2.1}{\376\377\000P\000o\000w\000e\000r\000\040\000S\000e\000r\000i\000e\000s\000\040\000a\000n\000d\000\040\000S\000p\000e\000c\000t\000r\000a\000l\000\040\000D\000e\000f\000i\000n\000i\000t\000i\000o\000n\000s}{section.5.2}% 126
\BOOKMARK [2][-]{subsection.5.2.2}{\376\377\000N\000o\000n\000-\000C\000o\000m\000m\000u\000t\000a\000t\000i\000v\000i\000t\000y\000\040\000a\000n\000d\000\040\000W\000e\000y\000l\000'\000s\000\040\000F\000o\000r\000m\000u\000l\000a}{section.5.2}% 127
\BOOKMARK [2][-]{subsection.5.2.3}{\376\377\000T\000i\000m\000e\000-\000E\000v\000o\000l\000u\000t\000i\000o\000n\000\040\000O\000p\000e\000r\000a\000t\000o\000r\000\040\000i\000n\000\040\000t\000h\000e\000\040\000S\000c\000h\000r\000\366\000d\000i\000n\000g\000e\000r\000\040\000P\000i\000c\000t\000u\000r\000e}{section.5.2}% 128
\BOOKMARK [1][-]{section.5.3}{\376\377\000T\000h\000e\000\040\000H\000e\000i\000s\000e\000n\000b\000e\000r\000g\000\040\000R\000e\000p\000r\000e\000s\000e\000n\000t\000a\000t\000i\000o\000n}{chapter.5}% 129
\BOOKMARK [2][-]{subsection.5.3.1}{\376\377\000S\000t\000a\000t\000e\000\040\000E\000v\000o\000l\000u\000t\000i\000o\000n\000\040\000v\000e\000r\000s\000u\000s\000\040\000O\000p\000e\000r\000a\000t\000o\000r\000\040\000E\000v\000o\000l\000u\000t\000i\000o\000n}{section.5.3}% 130
\BOOKMARK [2][-]{subsection.5.3.2}{\376\377\000T\000h\000e\000\040\000H\000e\000i\000s\000e\000n\000b\000e\000r\000g\000\040\000E\000q\000u\000a\000t\000i\000o\000n\000\040\000o\000f\000\040\000M\000o\000t\000i\000o\000n}{section.5.3}% 131
\BOOKMARK [2][-]{subsection.5.3.3}{\376\377\000P\000a\000r\000t\000i\000c\000l\000e\000\040\000D\000y\000n\000a\000m\000i\000c\000s\000\040\000a\000n\000d\000\040\000t\000h\000e\000\040\000C\000l\000a\000s\000s\000i\000c\000a\000l\000\040\000C\000o\000r\000r\000e\000s\000p\000o\000n\000d\000e\000n\000c\000e}{section.5.3}% 132
\BOOKMARK [2][-]{subsection.5.3.4}{\376\377\000E\000x\000a\000c\000t\000l\000y\000\040\000S\000o\000l\000v\000a\000b\000l\000e\000\040\000C\000a\000s\000e\000s}{section.5.3}% 133
\BOOKMARK [2][-]{subsection.5.3.5}{\376\377\000E\000x\000p\000l\000i\000c\000i\000t\000l\000y\000\040\000T\000i\000m\000e\000-\000D\000e\000p\000e\000n\000d\000e\000n\000t\000\040\000H\000a\000m\000i\000l\000t\000o\000n\000i\000a\000n\000s}{section.5.3}% 134
\BOOKMARK [1][-]{section.5.4}{\376\377\000F\000o\000r\000m\000a\000l\000\040\000S\000o\000l\000u\000t\000i\000o\000n\000\040\000f\000o\000r\000\040\000t\000h\000e\000\040\000T\000i\000m\000e\000-\000D\000e\000v\000e\000l\000o\000p\000m\000e\000n\000t\000\040\000O\000p\000e\000r\000a\000t\000o\000r}{chapter.5}% 135
\BOOKMARK [2][-]{subsection.5.4.1}{\376\377\000P\000e\000r\000t\000u\000r\000b\000a\000t\000i\000v\000e\000\040\000E\000x\000p\000a\000n\000s\000i\000o\000n\000\040\000a\000n\000d\000\040\000t\000h\000e\000\040\000D\000y\000s\000o\000n\000\040\000S\000e\000r\000i\000e\000s}{section.5.4}% 136
\BOOKMARK [2][-]{subsection.5.4.2}{\376\377\000T\000h\000e\000\040\000T\000i\000m\000e\000-\000O\000r\000d\000e\000r\000i\000n\000g\000\040\000O\000p\000e\000r\000a\000t\000o\000r}{section.5.4}% 137
\BOOKMARK [2][-]{subsection.5.4.3}{\376\377\000D\000i\000r\000e\000c\000t\000\040\000V\000e\000r\000i\000f\000i\000c\000a\000t\000i\000o\000n}{section.5.4}% 138
\BOOKMARK [1][-]{section.5.5}{\376\377\000P\000r\000o\000b\000l\000e\000m\000s}{chapter.5}% 139
\BOOKMARK [0][-]{chapter.6}{\376\377\000O\000r\000b\000i\000t\000a\000l\000\040\000A\000n\000g\000u\000l\000a\000r\000\040\000M\000o\000m\000e\000n\000t\000u\000m\000\040\000A\000n\000d\000\040\000C\000e\000n\000t\000r\000a\000l\000\040\000P\000o\000t\000e\000n\000t\000i\000a\000l\000s}{}% 140
\BOOKMARK [1][-]{section.6.1}{\376\377\000O\000r\000b\000i\000t\000a\000l\000\040\000A\000n\000g\000u\000l\000a\000r\000\040\000M\000o\000m\000e\000n\000t\000u\000m\000\040\000a\000n\000d\000\040\000C\000e\000n\000t\000r\000a\000l\000\040\000P\000o\000t\000e\000n\000t\000i\000a\000l\000s}{chapter.6}% 141
\BOOKMARK [2][-]{subsection.6.1.1}{\376\377\000D\000e\000f\000i\000n\000i\000t\000i\000o\000n\000\040\000a\000n\000d\000\040\000H\000e\000r\000m\000i\000t\000i\000c\000i\000t\000y\000\040\000o\000f\000\040\000O\000r\000b\000i\000t\000a\000l\000\040\000A\000n\000g\000u\000l\000a\000r\000\040\000M\000o\000m\000e\000n\000t\000u\000m}{section.6.1}% 142
\BOOKMARK [1][-]{section.6.2}{\376\377\000C\000o\000m\000m\000u\000t\000a\000t\000i\000o\000n\000\040\000R\000e\000l\000a\000t\000i\000o\000n\000s}{chapter.6}% 143
\BOOKMARK [2][-]{subsection.6.2.1}{\376\377\000C\000o\000m\000m\000u\000t\000a\000t\000o\000r\000s\000\040\000w\000i\000t\000h\000\040\000P\000o\000s\000i\000t\000i\000o\000n\000\040\000a\000n\000d\000\040\000M\000o\000m\000e\000n\000t\000u\000m}{section.6.2}% 144
\BOOKMARK [2][-]{subsection.6.2.2}{\376\377\000A\000n\000g\000u\000l\000a\000r\000\040\000M\000o\000m\000e\000n\000t\000u\000m\000\040\000C\000o\000m\000m\000u\000t\000a\000t\000i\000o\000n\000\040\000R\000e\000l\000a\000t\000i\000o\000n\000s}{section.6.2}% 145
\BOOKMARK [1][-]{section.6.3}{\376\377\000R\000o\000t\000a\000t\000i\000o\000n\000s\000\040\000a\000n\000d\000\040\000A\000n\000g\000u\000l\000a\000r\000\040\000M\000o\000m\000e\000n\000t\000u\000m}{chapter.6}% 146
\BOOKMARK [2][-]{subsection.6.3.1}{\376\377\000I\000n\000f\000i\000n\000i\000t\000e\000s\000i\000m\000a\000l\000\040\000a\000n\000d\000\040\000F\000i\000n\000i\000t\000e\000\040\000O\000p\000e\000r\000a\000t\000o\000r\000\040\000T\000r\000a\000n\000s\000f\000o\000r\000m\000a\000t\000i\000o\000n\000s}{section.6.3}% 147
\BOOKMARK [2][-]{subsection.6.3.2}{\376\377\000T\000r\000a\000n\000s\000f\000o\000r\000m\000a\000t\000i\000o\000n\000\040\000o\000f\000\040\000S\000t\000a\000t\000e\000\040\000V\000e\000c\000t\000o\000r\000s\000\040\000a\000n\000d\000\040\000W\000a\000v\000e\000\040\000F\000u\000n\000c\000t\000i\000o\000n\000s}{section.6.3}% 148
\BOOKMARK [2][-]{subsection.6.3.3}{\376\377\000C\000o\000m\000p\000a\000r\000i\000s\000o\000n\000\040\000w\000i\000t\000h\000\040\000S\000p\000a\000t\000i\000a\000l\000\040\000T\000r\000a\000n\000s\000l\000a\000t\000i\000o\000n\000s}{section.6.3}% 149
\BOOKMARK [1][-]{section.6.4}{\376\377\000D\000i\000f\000f\000e\000r\000e\000n\000t\000i\000a\000l\000\040\000O\000p\000e\000r\000a\000t\000o\000r\000\040\000R\000e\000p\000r\000e\000s\000e\000n\000t\000a\000t\000i\000o\000n}{chapter.6}% 150
\BOOKMARK [2][-]{subsection.6.4.1}{\376\377\000S\000p\000h\000e\000r\000i\000c\000a\000l\000\040\000C\000o\000o\000r\000d\000i\000n\000a\000t\000e\000s\000\040\000a\000n\000d\000\040\000t\000h\000e\000\040\000z\000-\000C\000o\000m\000p\000o\000n\000e\000n\000t}{section.6.4}% 151
\BOOKMARK [2][-]{subsection.6.4.2}{\376\377\000T\000r\000a\000n\000s\000v\000e\000r\000s\000e\000\040\000C\000o\000m\000p\000o\000n\000e\000n\000t\000s\000\040\000a\000n\000d\000\040\000L\000a\000d\000d\000e\000r\000\040\000O\000p\000e\000r\000a\000t\000o\000r\000s}{section.6.4}% 152
\BOOKMARK [2][-]{subsection.6.4.3}{\376\377\000T\000o\000t\000a\000l\000\040\000A\000n\000g\000u\000l\000a\000r\000\040\000M\000o\000m\000e\000n\000t\000u\000m\000\040\000a\000n\000d\000\040\000t\000h\000e\000\040\000L\000a\000p\000l\000a\000c\000i\000a\000n}{section.6.4}% 153
\BOOKMARK [1][-]{section.6.5}{\376\377\000E\000i\000g\000e\000n\000f\000u\000n\000c\000t\000i\000o\000n\000s\000\040\000a\000n\000d\000\040\000E\000i\000g\000e\000n\000v\000a\000l\000u\000e\000s\000\040\000o\000f\000\040\000A\000n\000g\000u\000l\000a\000r\000\040\000M\000o\000m\000e\000n\000t\000u\000m}{chapter.6}% 154
\BOOKMARK [2][-]{subsection.6.5.1}{\376\377\000C\000o\000m\000m\000u\000t\000i\000n\000g\000\040\000O\000b\000s\000e\000r\000v\000a\000b\000l\000e\000s\000\040\000a\000n\000d\000\040\000t\000h\000e\000\040\000C\000h\000o\000i\000c\000e\000\040\000o\000f\000\040\000B\000a\000s\000i\000s}{section.6.5}% 155
\BOOKMARK [2][-]{subsection.6.5.2}{\376\377\000L\000a\000d\000d\000e\000r\000\040\000O\000p\000e\000r\000a\000t\000o\000r\000s\000\040\000a\000n\000d\000\040\000t\000h\000e\000\040\000S\000p\000e\000c\000t\000r\000u\000m}{section.6.5}% 156
\BOOKMARK [2][-]{subsection.6.5.3}{\376\377\000P\000h\000y\000s\000i\000c\000a\000l\000\040\000P\000i\000c\000t\000u\000r\000e\000\040\000a\000n\000d\000\040\000S\000i\000n\000g\000l\000e\000-\000V\000a\000l\000u\000e\000d\000n\000e\000s\000s\000\040\000f\000o\000r\000\040\000O\000r\000b\000i\000t\000a\000l\000\040\000S\000t\000a\000t\000e\000s}{section.6.5}% 157
\BOOKMARK [1][-]{section.6.6}{\376\377\000S\000p\000h\000e\000r\000i\000c\000a\000l\000\040\000H\000a\000r\000m\000o\000n\000i\000c\000s}{chapter.6}% 158
\BOOKMARK [2][-]{subsection.6.6.1}{\376\377\000C\000o\000n\000s\000t\000r\000u\000c\000t\000i\000o\000n\000\040\000v\000i\000a\000\040\000L\000a\000d\000d\000e\000r\000\040\000O\000p\000e\000r\000a\000t\000o\000r\000s}{section.6.6}% 159
\BOOKMARK [2][-]{subsection.6.6.2}{\376\377\000N\000o\000r\000m\000a\000l\000i\000z\000a\000t\000i\000o\000n\000\040\000a\000n\000d\000\040\000G\000e\000n\000e\000r\000a\000l\000\040\000F\000o\000r\000m\000u\000l\000a}{section.6.6}% 160
\BOOKMARK [2][-]{subsection.6.6.3}{\376\377\000L\000o\000w\000-\000O\000r\000d\000e\000r\000\040\000H\000a\000r\000m\000o\000n\000i\000c\000s\000\040\000a\000n\000d\000\040\000S\000y\000m\000m\000e\000t\000r\000y\000\040\000P\000r\000o\000p\000e\000r\000t\000i\000e\000s}{section.6.6}% 161
\BOOKMARK [2][-]{subsection.6.6.4}{\376\377\000C\000o\000m\000p\000l\000e\000t\000e\000n\000e\000s\000s\000\040\000o\000n\000\040\000t\000h\000e\000\040\000S\000p\000h\000e\000r\000e}{section.6.6}% 162
\BOOKMARK [1][-]{section.6.7}{\376\377\000C\000e\000n\000t\000r\000a\000l\000\040\000F\000o\000r\000c\000e\000s\000\040\000a\000n\000d\000\040\000t\000h\000e\000\040\000R\000a\000d\000i\000a\000l\000\040\000E\000q\000u\000a\000t\000i\000o\000n}{chapter.6}% 163
\BOOKMARK [2][-]{subsection.6.7.1}{\376\377\000R\000o\000t\000a\000t\000i\000o\000n\000a\000l\000\040\000I\000n\000v\000a\000r\000i\000a\000n\000c\000e\000\040\000a\000n\000d\000\040\000M\000u\000l\000t\000i\000p\000l\000e\000t\000\040\000D\000e\000g\000e\000n\000e\000r\000a\000c\000y}{section.6.7}% 164
\BOOKMARK [2][-]{subsection.6.7.2}{\376\377\000S\000e\000p\000a\000r\000a\000t\000i\000o\000n\000\040\000o\000f\000\040\000V\000a\000r\000i\000a\000b\000l\000e\000s\000\040\000a\000n\000d\000\040\000t\000h\000e\000\040\000R\000a\000d\000i\000a\000l\000\040\000E\000q\000u\000a\000t\000i\000o\000n}{section.6.7}% 165
\BOOKMARK [2][-]{subsection.6.7.3}{\376\377\000B\000o\000u\000n\000d\000a\000r\000y\000\040\000C\000o\000n\000d\000i\000t\000i\000o\000n\000s\000\040\000a\000t\000\040\000t\000h\000e\000\040\000O\000r\000i\000g\000i\000n\000\040\000a\000n\000d\000\040\000A\000s\000y\000m\000p\000t\000o\000t\000i\000c\000s}{section.6.7}% 166
\BOOKMARK [2][-]{subsection.6.7.4}{\376\377\000F\000r\000e\000e\000\040\000S\000o\000l\000u\000t\000i\000o\000n\000s\000\040\000a\000n\000d\000\040\000S\000p\000h\000e\000r\000i\000c\000a\000l\000\040\000B\000e\000s\000s\000e\000l\000\040\000F\000u\000n\000c\000t\000i\000o\000n\000s}{section.6.7}% 167
\BOOKMARK [2][-]{subsection.6.7.5}{\376\377\000P\000a\000r\000t\000i\000a\000l\000-\000W\000a\000v\000e\000\040\000E\000x\000p\000a\000n\000s\000i\000o\000n\000\040\000o\000f\000\040\000a\000\040\000P\000l\000a\000n\000e\000\040\000W\000a\000v\000e}{section.6.7}% 168
\BOOKMARK [1][-]{section.6.8}{\376\377\000P\000r\000o\000b\000l\000e\000m\000s}{chapter.6}% 169
\BOOKMARK [0][-]{chapter.7}{\376\377\000T\000h\000e\000\040\000H\000y\000d\000r\000o\000g\000e\000n\000\040\000A\000t\000o\000m}{}% 170
\BOOKMARK [1][-]{section.7.1}{\376\377\000T\000h\000e\000\040\000H\000y\000d\000r\000o\000g\000e\000n\000\040\000A\000t\000o\000m}{chapter.7}% 171
\BOOKMARK [1][-]{section.7.2}{\376\377\000S\000t\000r\000u\000c\000t\000u\000r\000e\000\040\000o\000f\000\040\000t\000h\000e\000\040\000H\000y\000d\000r\000o\000g\000e\000n\000\040\000A\000t\000o\000m}{chapter.7}% 172
\BOOKMARK [1][-]{section.7.3}{\376\377\000T\000w\000o\000-\000P\000a\000r\000t\000i\000c\000l\000e\000\040\000S\000y\000s\000t\000e\000m\000s\000\040\000a\000n\000d\000\040\000C\000e\000n\000t\000e\000r\000-\000o\000f\000-\000M\000a\000s\000s\000\040\000S\000e\000p\000a\000r\000a\000t\000i\000o\000n}{chapter.7}% 173
\BOOKMARK [2][-]{subsection.7.3.1}{\376\377\000C\000o\000m\000m\000u\000t\000a\000t\000i\000o\000n\000\040\000R\000e\000l\000a\000t\000i\000o\000n\000s\000\040\000a\000n\000d\000\040\000O\000b\000s\000e\000r\000v\000a\000b\000l\000e\000s}{section.7.3}% 174
\BOOKMARK [2][-]{subsection.7.3.2}{\376\377\000T\000r\000a\000n\000s\000f\000o\000r\000m\000a\000t\000i\000o\000n\000\040\000t\000o\000\040\000C\000e\000n\000t\000e\000r\000-\000o\000f\000-\000M\000a\000s\000s\000\040\000a\000n\000d\000\040\000R\000e\000l\000a\000t\000i\000v\000e\000\040\000C\000o\000o\000r\000d\000i\000n\000a\000t\000e\000s}{section.7.3}% 175
\BOOKMARK [2][-]{subsection.7.3.3}{\376\377\000S\000e\000p\000a\000r\000a\000t\000i\000o\000n\000\040\000o\000f\000\040\000V\000a\000r\000i\000a\000b\000l\000e\000s}{section.7.3}% 176
\BOOKMARK [1][-]{section.7.4}{\376\377\000H\000y\000d\000r\000o\000g\000e\000n\000\040\000A\000t\000o\000m\000\040\000W\000a\000v\000e\000\040\000F\000u\000n\000c\000t\000i\000o\000n\000s}{chapter.7}% 177
\BOOKMARK [2][-]{subsection.7.4.1}{\376\377\000T\000h\000e\000\040\000R\000a\000d\000i\000a\000l\000\040\000C\000o\000u\000l\000o\000m\000b\000\040\000E\000q\000u\000a\000t\000i\000o\000n\000\040\000a\000n\000d\000\040\000E\000n\000e\000r\000g\000y\000\040\000S\000p\000e\000c\000t\000r\000u\000m}{section.7.4}% 178
\BOOKMARK [2][-]{subsection.7.4.2}{\376\377\000N\000o\000r\000m\000a\000l\000i\000z\000e\000d\000\040\000R\000a\000d\000i\000a\000l\000\040\000W\000a\000v\000e\000\040\000F\000u\000n\000c\000t\000i\000o\000n\000s}{section.7.4}% 179
\BOOKMARK [2][-]{subsection.7.4.3}{\376\377\000E\000n\000e\000r\000g\000y\000\040\000L\000e\000v\000e\000l\000\040\000M\000u\000l\000t\000i\000p\000l\000e\000t\000s\000\040\000a\000n\000d\000\040\000A\000c\000c\000i\000d\000e\000n\000t\000a\000l\000\040\000D\000e\000g\000e\000n\000e\000r\000a\000c\000y}{section.7.4}% 180
\BOOKMARK [2][-]{subsection.7.4.4}{\376\377\000A\000s\000y\000m\000p\000t\000o\000t\000i\000c\000\040\000B\000e\000h\000a\000v\000i\000o\000r\000\040\000a\000n\000d\000\040\000S\000p\000a\000t\000i\000a\000l\000\040\000C\000h\000a\000r\000a\000c\000t\000e\000r\000i\000s\000t\000i\000c\000s}{section.7.4}% 181
\BOOKMARK [1][-]{section.7.5}{\376\377\000T\000h\000e\000\040\000D\000y\000n\000a\000m\000i\000c\000a\000l\000\040\000S\000y\000m\000m\000e\000t\000r\000y\000\040\000o\000f\000\040\000t\000h\000e\000\040\000H\000y\000d\000r\000o\000g\000e\000n\000\040\000A\000t\000o\000m}{chapter.7}% 182
\BOOKMARK [2][-]{subsection.7.5.1}{\376\377\000T\000h\000e\000\040\000Q\000u\000a\000n\000t\000u\000m\000\040\000R\000u\000n\000g\000e\040\023\000L\000e\000n\000z\000\040\000O\000p\000e\000r\000a\000t\000o\000r}{section.7.5}% 183
\BOOKMARK [2][-]{subsection.7.5.2}{\376\377\000T\000h\000e\000\040\000S\000O\000\050\0004\000\051\000\040\000S\000y\000m\000m\000e\000t\000r\000y\000\040\000L\000i\000e\000\040\000A\000l\000g\000e\000b\000r\000a}{section.7.5}% 184
\BOOKMARK [2][-]{subsection.7.5.3}{\376\377\000D\000e\000c\000o\000u\000p\000l\000i\000n\000g\000\040\000i\000n\000t\000o\000\040\000I\000n\000d\000e\000p\000e\000n\000d\000e\000n\000t\000\040\000S\000U\000\050\0002\000\051\000\040\000A\000l\000g\000e\000b\000r\000a\000s}{section.7.5}% 185
\BOOKMARK [2][-]{subsection.7.5.4}{\376\377\000S\000p\000e\000c\000t\000r\000u\000m\000\040\000a\000n\000d\000\040\000D\000e\000g\000e\000n\000e\000r\000a\000c\000y\000\040\000f\000r\000o\000m\000\040\000G\000r\000o\000u\000p\000\040\000R\000e\000p\000r\000e\000s\000e\000n\000t\000a\000t\000i\000o\000n\000s}{section.7.5}% 186
\BOOKMARK [1][-]{section.7.6}{\376\377\000P\000r\000o\000b\000l\000e\000m\000s}{chapter.7}% 187
\BOOKMARK [0][-]{chapter.8}{\376\377\000C\000o\000o\000p\000e\000r\000\040\000P\000a\000i\000r\000s}{}% 188
\BOOKMARK [1][-]{section.8.1}{\376\377\000C\000o\000o\000p\000e\000r\000\040\000P\000a\000i\000r\000s}{chapter.8}% 189
\BOOKMARK [2][-]{subsection.8.1.1}{\376\377\000T\000h\000e\000\040\000N\000o\000n\000i\000n\000t\000e\000r\000a\000c\000t\000i\000n\000g\000\040\000F\000e\000r\000m\000i\000\040\000S\000e\000a}{section.8.1}% 190
\BOOKMARK [2][-]{subsection.8.1.2}{\376\377\000F\000o\000r\000m\000u\000l\000a\000t\000i\000o\000n\000\040\000o\000f\000\040\000t\000h\000e\000\040\000T\000w\000o\000-\000E\000l\000e\000c\000t\000r\000o\000n\000\040\000P\000r\000o\000b\000l\000e\000m}{section.8.1}% 191
\BOOKMARK [2][-]{subsection.8.1.3}{\376\377\000N\000o\000n\000l\000o\000c\000a\000l\000\040\000P\000o\000t\000e\000n\000t\000i\000a\000l\000s\000\040\000a\000n\000d\000\040\000M\000o\000m\000e\000n\000t\000u\000m\000\040\000C\000o\000n\000s\000e\000r\000v\000a\000t\000i\000o\000n}{section.8.1}% 192
\BOOKMARK [2][-]{subsection.8.1.4}{\376\377\000T\000h\000e\000\040\000C\000o\000o\000p\000e\000r\000\040\000M\000o\000d\000e\000l\000\040\000a\000n\000d\000\040\000B\000o\000u\000n\000d\000\040\000S\000t\000a\000t\000e\000\040\000S\000o\000l\000u\000t\000i\000o\000n}{section.8.1}% 193
\BOOKMARK [2][-]{subsection.8.1.5}{\376\377\000P\000r\000o\000p\000e\000r\000t\000i\000e\000s\000\040\000o\000f\000\040\000t\000h\000e\000\040\000B\000o\000u\000n\000d\000\040\000S\000t\000a\000t\000e\000\040\000a\000n\000d\000\040\000S\000u\000p\000e\000r\000c\000u\000r\000r\000e\000n\000t\000s}{section.8.1}% 194
\BOOKMARK [2][-]{subsection.8.1.6}{\376\377\000A\000n\000g\000u\000l\000a\000r\000\040\000M\000o\000m\000e\000n\000t\000u\000m\000\040\000D\000e\000c\000o\000m\000p\000o\000s\000i\000t\000i\000o\000n\000\040\000o\000f\000\040\000N\000o\000n\000l\000o\000c\000a\000l\000\040\000P\000o\000t\000e\000n\000t\000i\000a\000l\000s}{section.8.1}% 195
\BOOKMARK [1][-]{section.8.2}{\376\377\000P\000r\000o\000b\000l\000e\000m\000s}{chapter.8}% 196
\BOOKMARK [0][-]{chapter.9}{\376\377\000P\000o\000t\000e\000n\000t\000i\000a\000l\000\040\000S\000c\000a\000t\000t\000e\000r\000i\000n\000g}{}% 197
\BOOKMARK [1][-]{section.9.1}{\376\377\000P\000o\000t\000e\000n\000t\000i\000a\000l\000\040\000S\000c\000a\000t\000t\000e\000r\000i\000n\000g}{chapter.9}% 198
\BOOKMARK [1][-]{section.9.2}{\376\377\000W\000a\000v\000e\000\040\000P\000a\000c\000k\000e\000t\000s\000\040\000i\000n\000\040\000P\000o\000t\000e\000n\000t\000i\000a\000l\000\040\000S\000c\000a\000t\000t\000e\000r\000i\000n\000g}{chapter.9}% 199
\BOOKMARK [2][-]{subsection.9.2.1}{\376\377\000I\000n\000i\000t\000i\000a\000l\000\040\000W\000a\000v\000e\000\040\000P\000a\000c\000k\000e\000t\000\040\000a\000n\000d\000\040\000S\000t\000a\000t\000i\000o\000n\000a\000r\000y\000\040\000S\000t\000a\000t\000e\000\040\000F\000o\000r\000m\000u\000l\000a\000t\000i\000o\000n}{section.9.2}% 200
\BOOKMARK [2][-]{subsection.9.2.2}{\376\377\000T\000h\000e\000\040\000F\000r\000e\000e\000-\000P\000a\000r\000t\000i\000c\000l\000e\000\040\000G\000r\000e\000e\000n\000'\000s\000\040\000F\000u\000n\000c\000t\000i\000o\000n\000\040\000a\000n\000d\000\040\000L\000i\000p\000p\000m\000a\000n\000n\040\023\000S\000c\000h\000w\000i\000n\000g\000e\000r\000\040\000E\000q\000u\000a\000t\000i\000o\000n}{section.9.2}% 201
\BOOKMARK [2][-]{subsection.9.2.3}{\376\377\000A\000s\000y\000m\000p\000t\000o\000t\000i\000c\000\040\000S\000c\000a\000t\000t\000e\000r\000i\000n\000g\000\040\000A\000m\000p\000l\000i\000t\000u\000d\000e}{section.9.2}% 202
\BOOKMARK [2][-]{subsection.9.2.4}{\376\377\000T\000i\000m\000e\000\040\000E\000v\000o\000l\000u\000t\000i\000o\000n\000\040\000o\000f\000\040\000t\000h\000e\000\040\000S\000c\000a\000t\000t\000e\000r\000i\000n\000g\000\040\000W\000a\000v\000e\000\040\000P\000a\000c\000k\000e\000t}{section.9.2}% 203
\BOOKMARK [1][-]{section.9.3}{\376\377\000S\000c\000a\000t\000t\000e\000r\000i\000n\000g\000\040\000C\000r\000o\000s\000s\000\040\000S\000e\000c\000t\000i\000o\000n\000s}{chapter.9}% 204
\BOOKMARK [2][-]{subsection.9.3.1}{\376\377\000D\000e\000f\000i\000n\000i\000t\000i\000o\000n\000\040\000o\000f\000\040\000t\000h\000e\000\040\000D\000i\000f\000f\000e\000r\000e\000n\000t\000i\000a\000l\000\040\000C\000r\000o\000s\000s\000\040\000S\000e\000c\000t\000i\000o\000n}{section.9.3}% 205
\BOOKMARK [2][-]{subsection.9.3.2}{\376\377\000P\000r\000o\000b\000a\000b\000i\000l\000i\000t\000y\000\040\000C\000u\000r\000r\000e\000n\000t\000\040\000F\000o\000r\000m\000u\000l\000a\000t\000i\000o\000n\000\040\000a\000n\000d\000\040\000T\000o\000t\000a\000l\000\040\000C\000r\000o\000s\000s\000\040\000S\000e\000c\000t\000i\000o\000n}{section.9.3}% 206
\BOOKMARK [1][-]{section.9.4}{\376\377\000P\000a\000r\000t\000i\000a\000l\000\040\000W\000a\000v\000e\000\040\000A\000n\000a\000l\000y\000s\000i\000s}{chapter.9}% 207
\BOOKMARK [2][-]{subsection.9.4.1}{\376\377\000P\000a\000r\000t\000i\000a\000l\000\040\000W\000a\000v\000e\000\040\000E\000x\000p\000a\000n\000s\000i\000o\000n\000\040\000o\000f\000\040\000P\000l\000a\000n\000e\000\040\000a\000n\000d\000\040\000S\000c\000a\000t\000t\000e\000r\000i\000n\000g\000\040\000W\000a\000v\000e\000s}{section.9.4}% 208
\BOOKMARK [2][-]{subsection.9.4.2}{\376\377\000P\000h\000a\000s\000e\000\040\000S\000h\000i\000f\000t\000s\000\040\000a\000n\000d\000\040\000t\000h\000e\000\040\000S\000-\000M\000a\000t\000r\000i\000x}{section.9.4}% 209
\BOOKMARK [2][-]{subsection.9.4.3}{\376\377\000C\000r\000o\000s\000s\000\040\000S\000e\000c\000t\000i\000o\000n\000s\000\040\000i\000n\000\040\000T\000e\000r\000m\000s\000\040\000o\000f\000\040\000P\000h\000a\000s\000e\000\040\000S\000h\000i\000f\000t\000s}{section.9.4}% 210
\BOOKMARK [2][-]{subsection.9.4.4}{\376\377\000P\000h\000y\000s\000i\000c\000a\000l\000\040\000I\000n\000t\000e\000r\000p\000r\000e\000t\000a\000t\000i\000o\000n\000\040\000o\000f\000\040\000t\000h\000e\000\040\000P\000h\000a\000s\000e\000\040\000S\000h\000i\000f\000t}{section.9.4}% 211
\BOOKMARK [1][-]{section.9.5}{\376\377\000T\000h\000e\000\040\000O\000p\000t\000i\000c\000a\000l\000\040\000T\000h\000e\000o\000r\000e\000m}{chapter.9}% 212
\BOOKMARK [2][-]{subsection.9.5.1}{\376\377\000D\000e\000r\000i\000v\000a\000t\000i\000o\000n\000\040\000v\000i\000a\000\040\000P\000a\000r\000t\000i\000a\000l\000\040\000W\000a\000v\000e\000\040\000A\000n\000a\000l\000y\000s\000i\000s}{section.9.5}% 213
\BOOKMARK [2][-]{subsection.9.5.2}{\376\377\000P\000h\000y\000s\000i\000c\000a\000l\000\040\000O\000r\000i\000g\000i\000n\000:\000\040\000C\000o\000n\000s\000e\000r\000v\000a\000t\000i\000o\000n\000\040\000o\000f\000\040\000P\000r\000o\000b\000a\000b\000i\000l\000i\000t\000y\000\040\000a\000n\000d\000\040\000t\000h\000e\000\040\000F\000o\000r\000w\000a\000r\000d\000\040\000S\000h\000a\000d\000o\000w}{section.9.5}% 214
\BOOKMARK [1][-]{section.9.6}{\376\377\000T\000h\000e\000\040\000B\000o\000r\000n\000\040\000A\000p\000p\000r\000o\000x\000i\000m\000a\000t\000i\000o\000n}{chapter.9}% 215
\BOOKMARK [2][-]{subsection.9.6.1}{\376\377\000B\000o\000r\000n\000\040\000A\000p\000p\000r\000o\000x\000i\000m\000a\000t\000i\000o\000n\000\040\000f\000o\000r\000\040\000P\000a\000r\000t\000i\000a\000l\000\040\000W\000a\000v\000e\000\040\000P\000h\000a\000s\000e\000\040\000S\000h\000i\000f\000t\000s}{section.9.6}% 216
\BOOKMARK [2][-]{subsection.9.6.2}{\376\377\000F\000i\000r\000s\000t\000\040\000B\000o\000r\000n\000\040\000A\000p\000p\000r\000o\000x\000i\000m\000a\000t\000i\000o\000n\000\040\000f\000o\000r\000\040\000t\000h\000e\000\040\000S\000c\000a\000t\000t\000e\000r\000i\000n\000g\000\040\000A\000m\000p\000l\000i\000t\000u\000d\000e}{section.9.6}% 217
\BOOKMARK [2][-]{subsection.9.6.3}{\376\377\000A\000p\000p\000l\000i\000c\000a\000t\000i\000o\000n\000\040\000t\000o\000\040\000t\000h\000e\000\040\000Y\000u\000k\000a\000w\000a\000\040\000a\000n\000d\000\040\000C\000o\000u\000l\000o\000m\000b\000\040\000P\000o\000t\000e\000n\000t\000i\000a\000l\000s}{section.9.6}% 218
\BOOKMARK [1][-]{section.9.7}{\376\377\000P\000r\000o\000p\000e\000r\000t\000i\000e\000s\000\040\000o\000f\000\040\000t\000h\000e\000\040\000S\000c\000a\000t\000t\000e\000r\000i\000n\000g\000\040\000A\000m\000p\000l\000i\000t\000u\000d\000e}{chapter.9}% 219
\BOOKMARK [2][-]{subsection.9.7.1}{\376\377\000L\000o\000g\000a\000r\000i\000t\000h\000m\000i\000c\000\040\000D\000e\000r\000i\000v\000a\000t\000i\000v\000e\000\040\000a\000n\000d\000\040\000P\000h\000a\000s\000e\000\040\000S\000h\000i\000f\000t\000s}{section.9.7}% 220
\BOOKMARK [2][-]{subsection.9.7.2}{\376\377\000T\000h\000r\000e\000s\000h\000o\000l\000d\000\040\000B\000e\000h\000a\000v\000i\000o\000r\000\040\000a\000n\000d\000\040\000t\000h\000e\000\040\000S\000c\000a\000t\000t\000e\000r\000i\000n\000g\000\040\000L\000e\000n\000g\000t\000h}{section.9.7}% 221
\BOOKMARK [2][-]{subsection.9.7.3}{\376\377\000A\000n\000a\000l\000y\000t\000i\000c\000\040\000C\000o\000n\000t\000i\000n\000u\000a\000t\000i\000o\000n\000,\000\040\000B\000o\000u\000n\000d\000\040\000S\000t\000a\000t\000e\000s\000,\000\040\000a\000n\000d\000\040\000V\000i\000r\000t\000u\000a\000l\000\040\000S\000t\000a\000t\000e\000s}{section.9.7}% 222
\BOOKMARK [2][-]{subsection.9.7.4}{\376\377\000A\000p\000p\000l\000i\000c\000a\000t\000i\000o\000n\000:\000\040\000L\000o\000w\000-\000E\000n\000e\000r\000g\000y\000\040\000N\000e\000u\000t\000r\000o\000n\040\023\000P\000r\000o\000t\000o\000n\000\040\000S\000c\000a\000t\000t\000e\000r\000i\000n\000g}{section.9.7}% 223
\BOOKMARK [1][-]{section.9.8}{\376\377\000L\000o\000w\000-\000E\000n\000e\000r\000g\000y\000\040\000R\000e\000s\000o\000n\000a\000n\000c\000e\000s\000\040\000a\000n\000d\000\040\000t\000h\000e\000\040\000B\000r\000e\000i\000t\040\023\000W\000i\000g\000n\000e\000r\000\040\000F\000o\000r\000m\000u\000l\000a}{chapter.9}% 224
\BOOKMARK [2][-]{subsection.9.8.1}{\376\377\000D\000e\000r\000i\000v\000a\000t\000i\000o\000n\000\040\000o\000f\000\040\000t\000h\000e\000\040\000B\000r\000e\000i\000t\040\023\000W\000i\000g\000n\000e\000r\000\040\000R\000e\000s\000o\000n\000a\000n\000c\000e\000\040\000F\000o\000r\000m\000u\000l\000a}{section.9.8}% 225
\BOOKMARK [2][-]{subsection.9.8.2}{\376\377\000P\000h\000y\000s\000i\000c\000a\000l\000\040\000O\000r\000i\000g\000i\000n\000:\000\040\000C\000e\000n\000t\000r\000i\000f\000u\000g\000a\000l\000\040\000B\000a\000r\000r\000i\000e\000r\000\040\000a\000n\000d\000\040\000Q\000u\000a\000s\000i\000-\000B\000o\000u\000n\000d\000\040\000S\000t\000a\000t\000e\000s}{section.9.8}% 226
\BOOKMARK [2][-]{subsection.9.8.3}{\376\377\000C\000o\000m\000p\000l\000e\000x\000\040\000E\000n\000e\000r\000g\000y\000\040\000P\000o\000l\000e\000s\000\040\000o\000f\000\040\000t\000h\000e\000\040\000S\000-\000M\000a\000t\000r\000i\000x}{section.9.8}% 227
\BOOKMARK [2][-]{subsection.9.8.4}{\376\377\000M\000o\000n\000o\000t\000o\000n\000i\000c\000i\000t\000y\000\040\000o\000f\000\040\000t\000h\000e\000\040\000L\000o\000g\000a\000r\000i\000t\000h\000m\000i\000c\000\040\000D\000e\000r\000i\000v\000a\000t\000i\000v\000e}{section.9.8}% 228
\BOOKMARK [1][-]{section.9.9}{\376\377\000P\000r\000o\000b\000l\000e\000m\000s}{chapter.9}% 229
\BOOKMARK [0][-]{chapter.10}{\376\377\000C\000o\000u\000l\000o\000m\000b\000\040\000S\000c\000a\000t\000t\000e\000r\000i\000n\000g}{}% 230
\BOOKMARK [1][-]{section.10.1}{\376\377\000C\000o\000u\000l\000o\000m\000b\000\040\000S\000c\000a\000t\000t\000e\000r\000i\000n\000g}{chapter.10}% 231
\BOOKMARK [2][-]{subsection.10.1.1}{\376\377\000A\000s\000y\000m\000p\000t\000o\000t\000i\000c\000\040\000B\000e\000h\000a\000v\000i\000o\000r\000\040\000a\000n\000d\000\040\000t\000h\000e\000\040\000L\000o\000g\000a\000r\000i\000t\000h\000m\000i\000c\000\040\000P\000h\000a\000s\000e\000\040\000D\000i\000s\000t\000o\000r\000t\000i\000o\000n}{section.10.1}% 232
\BOOKMARK [2][-]{subsection.10.1.2}{\376\377\000E\000x\000a\000c\000t\000\040\000S\000o\000l\000u\000t\000i\000o\000n\000\040\000i\000n\000\040\000P\000a\000r\000a\000b\000o\000l\000i\000c\000\040\000C\000o\000o\000r\000d\000i\000n\000a\000t\000e\000s}{section.10.1}% 233
\BOOKMARK [2][-]{subsection.10.1.3}{\376\377\000T\000h\000e\000\040\000C\000o\000u\000l\000o\000m\000b\000\040\000S\000c\000a\000t\000t\000e\000r\000i\000n\000g\000\040\000A\000m\000p\000l\000i\000t\000u\000d\000e\000\040\000a\000n\000d\000\040\000R\000u\000t\000h\000e\000r\000f\000o\000r\000d\000\040\000C\000r\000o\000s\000s\000\040\000S\000e\000c\000t\000i\000o\000n}{section.10.1}% 234
\BOOKMARK [2][-]{subsection.10.1.4}{\376\377\000F\000o\000r\000w\000a\000r\000d\000\040\000D\000i\000v\000e\000r\000g\000e\000n\000c\000e\000\040\000a\000n\000d\000\040\000S\000c\000r\000e\000e\000n\000i\000n\000g}{section.10.1}% 235
\BOOKMARK [1][-]{section.10.2}{\376\377\000A\000n\000a\000l\000y\000t\000i\000c\000\040\000P\000r\000o\000p\000e\000r\000t\000i\000e\000s\000\040\000o\000f\000\040\000t\000h\000e\000\040\000S\000c\000a\000t\000t\000e\000r\000i\000n\000g\000\040\000A\000m\000p\000l\000i\000t\000u\000d\000e}{chapter.10}% 236
\BOOKMARK [2][-]{subsection.10.2.1}{\376\377\000C\000o\000m\000p\000l\000e\000x\000\040\000P\000o\000l\000e\000s\000\040\000a\000n\000d\000\040\000t\000h\000e\000\040\000H\000y\000d\000r\000o\000g\000e\000n\000\040\000B\000o\000u\000n\000d\000\040\000S\000t\000a\000t\000e\000s}{section.10.2}% 237
\BOOKMARK [2][-]{subsection.10.2.2}{\376\377\000P\000a\000r\000t\000i\000a\000l\000\040\000W\000a\000v\000e\000\040\000E\000x\000p\000a\000n\000s\000i\000o\000n\000\040\000i\000n\000\040\000S\000p\000h\000e\000r\000i\000c\000a\000l\000\040\000C\000o\000o\000r\000d\000i\000n\000a\000t\000e\000s}{section.10.2}% 238
\BOOKMARK [2][-]{subsection.10.2.3}{\376\377\000P\000a\000r\000t\000i\000a\000l\000\040\000W\000a\000v\000e\000\040\000P\000r\000o\000j\000e\000c\000t\000i\000o\000n\000\040\000a\000n\000d\000\040\000A\000n\000a\000l\000y\000t\000i\000c\000\040\000C\000o\000n\000t\000i\000n\000u\000a\000t\000i\000o\000n}{section.10.2}% 239
\BOOKMARK [2][-]{subsection.10.2.4}{\376\377\000C\000h\000a\000n\000n\000e\000l\000-\000b\000y\000-\000C\000h\000a\000n\000n\000e\000l\000\040\000B\000o\000u\000n\000d\000\040\000S\000t\000a\000t\000e\000\040\000P\000o\000l\000e\000s}{section.10.2}% 240
\BOOKMARK [1][-]{section.10.3}{\376\377\000R\000e\000g\000g\000e\000\040\000P\000o\000l\000e\000s\000\040\000a\000n\000d\000\040\000C\000o\000m\000p\000l\000e\000x\000\040\000A\000n\000g\000u\000l\000a\000r\000\040\000M\000o\000m\000e\000n\000t\000u\000m}{chapter.10}% 241
\BOOKMARK [2][-]{subsection.10.3.1}{\376\377\000D\000e\000f\000i\000n\000i\000t\000i\000o\000n\000\040\000o\000f\000\040\000R\000e\000g\000g\000e\000\040\000P\000o\000l\000e\000s\000\040\000a\000n\000d\000\040\000T\000r\000a\000j\000e\000c\000t\000o\000r\000i\000e\000s}{section.10.3}% 242
\BOOKMARK [2][-]{subsection.10.3.2}{\376\377\000R\000e\000g\000g\000e\000\040\000T\000r\000a\000j\000e\000c\000t\000o\000r\000i\000e\000s\000\040\000f\000o\000r\000\040\000S\000h\000o\000r\000t\000-\000R\000a\000n\000g\000e\000\040\000P\000o\000t\000e\000n\000t\000i\000a\000l\000s}{section.10.3}% 243
\BOOKMARK [2][-]{subsection.10.3.3}{\376\377\000P\000h\000y\000s\000i\000c\000a\000l\000\040\000R\000e\000s\000o\000n\000a\000n\000c\000e\000s\000\040\000f\000r\000o\000m\000\040\000C\000o\000m\000p\000l\000e\000x\000\040\000A\000n\000g\000u\000l\000a\000r\000\040\000M\000o\000m\000e\000n\000t\000u\000m\000\040\000P\000o\000l\000e\000s}{section.10.3}% 244
\BOOKMARK [2][-]{subsection.10.3.4}{\376\377\000L\000o\000w\000-\000E\000n\000e\000r\000g\000y\000\040\000C\000o\000n\000n\000e\000c\000t\000i\000o\000n\000\040\000t\000o\000\040\000t\000h\000e\000\040\000B\000r\000e\000i\000t\040\023\000W\000i\000g\000n\000e\000r\000\040\000W\000i\000d\000t\000h}{section.10.3}% 245
\BOOKMARK [1][-]{section.10.4}{\376\377\000P\000r\000o\000b\000l\000e\000m\000s}{chapter.10}% 246
\BOOKMARK [0][-]{chapter.11}{\376\377\000S\000t\000a\000t\000i\000o\000n\000a\000r\000y\000\040\000S\000t\000a\000t\000e\000\040\000P\000e\000r\000t\000u\000r\000b\000a\000t\000i\000o\000n\000\040\000T\000h\000e\000o\000r\000y}{}% 247
\BOOKMARK [1][-]{section.11.1}{\376\377\000S\000t\000a\000t\000i\000o\000n\000a\000r\000y\000-\000S\000t\000a\000t\000e\000\040\000P\000e\000r\000t\000u\000r\000b\000a\000t\000i\000o\000n\000\040\000T\000h\000e\000o\000r\000y}{chapter.11}% 248
\BOOKMARK [2][-]{subsection.11.1.1}{\376\377\000V\000a\000l\000i\000d\000i\000t\000y\000\040\000a\000n\000d\000\040\000N\000o\000n\000-\000P\000e\000r\000t\000u\000r\000b\000a\000t\000i\000v\000e\000\040\000L\000i\000m\000i\000t\000a\000t\000i\000o\000n\000s}{section.11.1}% 249
\BOOKMARK [2][-]{subsection.11.1.2}{\376\377\000I\000n\000t\000e\000r\000m\000e\000d\000i\000a\000t\000e\000\040\000N\000o\000r\000m\000a\000l\000i\000z\000a\000t\000i\000o\000n\000\040\000a\000n\000d\000\040\000O\000r\000d\000e\000r\000-\000b\000y\000-\000O\000r\000d\000e\000r\000\040\000E\000x\000p\000a\000n\000s\000i\000o\000n}{section.11.1}% 250
\BOOKMARK [2][-]{subsection.11.1.3}{\376\377\000S\000t\000a\000t\000e\000\040\000C\000o\000r\000r\000e\000c\000t\000i\000o\000n\000s\000\040\000a\000n\000d\000\040\000t\000h\000e\000\040\000S\000e\000c\000o\000n\000d\000-\000O\000r\000d\000e\000r\000\040\000E\000n\000e\000r\000g\000y\000\040\000S\000h\000i\000f\000t}{section.11.1}% 251
\BOOKMARK [2][-]{subsection.11.1.4}{\376\377\000E\000x\000a\000m\000p\000l\000e\000:\000\040\000T\000h\000e\000\040\000D\000i\000s\000p\000l\000a\000c\000e\000d\000\040\000H\000a\000r\000m\000o\000n\000i\000c\000\040\000O\000s\000c\000i\000l\000l\000a\000t\000o\000r}{section.11.1}% 252
\BOOKMARK [1][-]{section.11.2}{\376\377\000T\000h\000e\000\040\000W\000a\000v\000e\000\040\000F\000u\000n\000c\000t\000i\000o\000n\000\040\000R\000e\000n\000o\000r\000m\000a\000l\000i\000z\000a\000t\000i\000o\000n\000\040\000C\000o\000n\000s\000t\000a\000n\000t}{chapter.11}% 253
\BOOKMARK [1][-]{section.11.3}{\376\377\000D\000e\000g\000e\000n\000e\000r\000a\000t\000e\000\040\000P\000e\000r\000t\000u\000r\000b\000a\000t\000i\000o\000n\000\040\000T\000h\000e\000o\000r\000y}{chapter.11}% 254
\BOOKMARK [2][-]{subsection.11.3.1}{\376\377\000D\000i\000a\000g\000o\000n\000a\000l\000i\000z\000a\000t\000i\000o\000n\000\040\000i\000n\000\040\000t\000h\000e\000\040\000D\000e\000g\000e\000n\000e\000r\000a\000t\000e\000\040\000S\000u\000b\000s\000p\000a\000c\000e}{section.11.3}% 255
\BOOKMARK [2][-]{subsection.11.3.2}{\376\377\000P\000e\000r\000t\000u\000r\000b\000a\000t\000i\000o\000n\000\040\000E\000x\000p\000a\000n\000s\000i\000o\000n\000s\000\040\000i\000n\000\040\000t\000h\000e\000\040\000A\000d\000a\000p\000t\000e\000d\000\040\000B\000a\000s\000i\000s}{section.11.3}% 256
\BOOKMARK [2][-]{subsection.11.3.3}{\376\377\000S\000y\000m\000m\000e\000t\000r\000i\000e\000s\000\040\000a\000n\000d\000\040\000S\000e\000l\000e\000c\000t\000i\000o\000n\000\040\000R\000u\000l\000e\000s}{section.11.3}% 257
\BOOKMARK [2][-]{subsection.11.3.4}{\376\377\000E\000x\000a\000m\000p\000l\000e\000:\000\040\000T\000h\000e\000\040\000L\000i\000n\000e\000a\000r\000\040\000S\000t\000a\000r\000k\000\040\000E\000f\000f\000e\000c\000t\000\040\000i\000n\000\040\000H\000y\000d\000r\000o\000g\000e\000n\000\040\000\050\000n\000\040\000=\000\040\0002\000\051}{section.11.3}% 258
\BOOKMARK [1][-]{section.11.4}{\376\377\000V\000a\000n\000\040\000d\000e\000r\000\040\000W\000a\000a\000l\000s\000\040\000I\000n\000t\000e\000r\000a\000c\000t\000i\000o\000n}{chapter.11}% 259
\BOOKMARK [2][-]{subsection.11.4.1}{\376\377\000T\000h\000e\000\040\000D\000i\000p\000o\000l\000e\040\023\000D\000i\000p\000o\000l\000e\000\040\000I\000n\000t\000e\000r\000a\000c\000t\000i\000o\000n\000\040\000H\000a\000m\000i\000l\000t\000o\000n\000i\000a\000n}{section.11.4}% 260
\BOOKMARK [2][-]{subsection.11.4.2}{\376\377\000F\000i\000r\000s\000t\000-\000\040\000a\000n\000d\000\040\000S\000e\000c\000o\000n\000d\000-\000O\000r\000d\000e\000r\000\040\000P\000e\000r\000t\000u\000r\000b\000a\000t\000i\000o\000n\000\040\000E\000n\000e\000r\000g\000i\000e\000s}{section.11.4}% 261
\BOOKMARK [2][-]{subsection.11.4.3}{\376\377\000P\000h\000y\000s\000i\000c\000a\000l\000\040\000O\000r\000i\000g\000i\000n\000\040\000a\000n\000d\000\040\000S\000h\000o\000r\000t\000-\000R\000a\000n\000g\000e\000\040\000C\000o\000r\000e\000\040\000R\000e\000p\000u\000l\000s\000i\000o\000n}{section.11.4}% 262
\BOOKMARK [1][-]{section.11.5}{\376\377\000A\000l\000m\000o\000s\000t\000-\000D\000e\000g\000e\000n\000e\000r\000a\000t\000e\000\040\000P\000e\000r\000t\000u\000r\000b\000a\000t\000i\000o\000n\000\040\000T\000h\000e\000o\000r\000y}{chapter.11}% 263
\BOOKMARK [2][-]{subsection.11.5.1}{\376\377\000T\000w\000o\000-\000L\000e\000v\000e\000l\000\040\000S\000u\000b\000s\000p\000a\000c\000e\000\040\000D\000i\000a\000g\000o\000n\000a\000l\000i\000z\000a\000t\000i\000o\000n}{section.11.5}% 264
\BOOKMARK [2][-]{subsection.11.5.2}{\376\377\000A\000p\000p\000l\000i\000c\000a\000t\000i\000o\000n\000:\000\040\000N\000e\000a\000r\000l\000y\000\040\000F\000r\000e\000e\000\040\000E\000l\000e\000c\000t\000r\000o\000n\000s\000\040\000i\000n\000\040\000a\000\040\000P\000e\000r\000i\000o\000d\000i\000c\000\040\000L\000a\000t\000t\000i\000c\000e}{section.11.5}% 265
\BOOKMARK [1][-]{section.11.6}{\376\377\000B\000r\000i\000l\000l\000o\000u\000i\000n\040\023\000W\000i\000g\000n\000e\000r\000\040\000P\000e\000r\000t\000u\000r\000b\000a\000t\000i\000o\000n\000\040\000T\000h\000e\000o\000r\000y}{chapter.11}% 266
\BOOKMARK [2][-]{subsection.11.6.1}{\376\377\000I\000t\000e\000r\000a\000t\000i\000v\000e\000\040\000I\000n\000t\000e\000g\000r\000a\000l\000\040\000E\000q\000u\000a\000t\000i\000o\000n\000\040\000f\000o\000r\000\040\000t\000h\000e\000\040\000S\000t\000a\000t\000e\000\040\000V\000e\000c\000t\000o\000r}{section.11.6}% 267
\BOOKMARK [2][-]{subsection.11.6.2}{\376\377\000B\000r\000i\000l\000l\000o\000u\000i\000n\040\023\000W\000i\000g\000n\000e\000r\000\040\000S\000e\000r\000i\000e\000s\000\040\000a\000n\000d\000\040\000S\000e\000l\000f\000-\000C\000o\000n\000s\000i\000s\000t\000e\000n\000t\000\040\000E\000n\000e\000r\000g\000y\000\040\000E\000q\000u\000a\000t\000i\000o\000n}{section.11.6}% 268
\BOOKMARK [2][-]{subsection.11.6.3}{\376\377\000R\000e\000l\000a\000t\000i\000o\000n\000s\000h\000i\000p\000\040\000t\000o\000\040\000R\000a\000y\000l\000e\000i\000g\000h\040\023\000S\000c\000h\000r\000\366\000d\000i\000n\000g\000e\000r\000\040\000T\000h\000e\000o\000r\000y}{section.11.6}% 269
\BOOKMARK [1][-]{section.11.7}{\376\377\000N\000o\000n\000-\000P\000e\000r\000t\000u\000r\000b\000a\000t\000i\000v\000e\000\040\000M\000e\000t\000h\000o\000d\000s\000:\000\040\000T\000h\000e\000\040\000V\000a\000r\000i\000a\000t\000i\000o\000n\000a\000l\000\040\000P\000r\000i\000n\000c\000i\000p\000l\000e}{chapter.11}% 270
\BOOKMARK [2][-]{subsection.11.7.1}{\376\377\000T\000h\000e\000\040\000R\000a\000y\000l\000e\000i\000g\000h\040\023\000R\000i\000t\000z\000\040\000V\000a\000r\000i\000a\000t\000i\000o\000n\000a\000l\000\040\000T\000h\000e\000o\000r\000e\000m}{section.11.7}% 271
\BOOKMARK [2][-]{subsection.11.7.2}{\376\377\000V\000a\000r\000i\000a\000t\000i\000o\000n\000a\000l\000\040\000O\000p\000t\000i\000m\000i\000z\000a\000t\000i\000o\000n\000\040\000a\000n\000d\000\040\000E\000x\000c\000i\000t\000e\000d\000\040\000S\000t\000a\000t\000e\000s}{section.11.7}% 272
\BOOKMARK [2][-]{subsection.11.7.3}{\376\377\000L\000o\000w\000e\000r\000\040\000B\000o\000u\000n\000d\000s\000\040\000f\000r\000o\000m\000\040\000P\000o\000s\000i\000t\000i\000v\000e\000\040\000O\000p\000e\000r\000a\000t\000o\000r\000s}{section.11.7}% 273
\BOOKMARK [1][-]{section.11.8}{\376\377\000P\000r\000o\000b\000l\000e\000m\000s}{chapter.11}% 274
\BOOKMARK [0][-]{chapter.12}{\376\377\000T\000i\000m\000e\000\040\000D\000e\000p\000e\000n\000d\000e\000n\000t\000\040\000P\000e\000r\000t\000u\000r\000b\000a\000t\000i\000o\000n\000\040\000T\000h\000e\000o\000r\000y}{}% 275
\BOOKMARK [1][-]{section.12.1}{\376\377\000T\000i\000m\000e\000-\000D\000e\000p\000e\000n\000d\000e\000n\000t\000\040\000P\000e\000r\000t\000u\000r\000b\000a\000t\000i\000o\000n\000\040\000T\000h\000e\000o\000r\000y}{chapter.12}% 276
\BOOKMARK [2][-]{subsection.12.1.1}{\376\377\000T\000h\000e\000\040\000S\000c\000h\000r\000\366\000d\000i\000n\000g\000e\000r\000\040\000E\000q\000u\000a\000t\000i\000o\000n\000\040\000w\000i\000t\000h\000\040\000T\000i\000m\000e\000-\000D\000e\000p\000e\000n\000d\000e\000n\000t\000\040\000I\000n\000t\000e\000r\000a\000c\000t\000i\000o\000n\000s}{section.12.1}% 277
\BOOKMARK [2][-]{subsection.12.1.2}{\376\377\000T\000h\000e\000\040\000I\000n\000t\000e\000r\000a\000c\000t\000i\000o\000n\000\040\000P\000i\000c\000t\000u\000r\000e}{section.12.1}% 278
\BOOKMARK [2][-]{subsection.12.1.3}{\376\377\000T\000h\000e\000\040\000D\000y\000s\000o\000n\000\040\000S\000e\000r\000i\000e\000s\000\040\000a\000n\000d\000\040\000T\000i\000m\000e\000\040\000O\000r\000d\000e\000r\000i\000n\000g}{section.12.1}% 279
\BOOKMARK [1][-]{section.12.2}{\376\377\000F\000i\000r\000s\000t\000-\000O\000r\000d\000e\000r\000\040\000T\000r\000a\000n\000s\000i\000t\000i\000o\000n\000s\000\040\000a\000n\000d\000\040\000F\000e\000r\000m\000i\000'\000s\000\040\000G\000o\000l\000d\000e\000n\000\040\000R\000u\000l\000e}{chapter.12}% 280
\BOOKMARK [2][-]{subsection.12.2.1}{\376\377\000F\000i\000r\000s\000t\000-\000O\000r\000d\000e\000r\000\040\000T\000r\000a\000n\000s\000i\000t\000i\000o\000n\000\040\000A\000m\000p\000l\000i\000t\000u\000d\000e}{section.12.2}% 281
\BOOKMARK [2][-]{subsection.12.2.2}{\376\377\000S\000u\000d\000d\000e\000n\000\040\000S\000w\000i\000t\000c\000h\000i\000n\000g\000\040\000o\000f\000\040\000a\000\040\000C\000o\000n\000s\000t\000a\000n\000t\000\040\000P\000e\000r\000t\000u\000r\000b\000a\000t\000i\000o\000n}{section.12.2}% 282
\BOOKMARK [2][-]{subsection.12.2.3}{\376\377\000T\000r\000a\000n\000s\000i\000t\000i\000o\000n\000s\000\040\000t\000o\000\040\000a\000\040\000C\000o\000n\000t\000i\000n\000u\000u\000m\000:\000\040\000D\000e\000r\000i\000v\000a\000t\000i\000o\000n\000\040\000o\000f\000\040\000F\000e\000r\000m\000i\000'\000s\000\040\000G\000o\000l\000d\000e\000n\000\040\000R\000u\000l\000e}{section.12.2}% 283
\BOOKMARK [2][-]{subsection.12.2.4}{\376\377\000P\000h\000y\000s\000i\000c\000a\000l\000\040\000A\000p\000p\000l\000i\000c\000a\000t\000i\000o\000n\000s}{section.12.2}% 284
\BOOKMARK [2][-]{subsection.12.2.5}{\376\377\000A\000d\000i\000a\000b\000a\000t\000i\000c\000\040\000S\000w\000i\000t\000c\000h\000i\000n\000g}{section.12.2}% 285
\BOOKMARK [1][-]{section.12.3}{\376\377\000H\000a\000r\000m\000o\000n\000i\000c\000\040\000P\000e\000r\000t\000u\000r\000b\000a\000t\000i\000o\000n\000s}{chapter.12}% 286
\BOOKMARK [2][-]{subsection.12.3.1}{\376\377\000F\000i\000r\000s\000t\000-\000O\000r\000d\000e\000r\000\040\000T\000r\000a\000n\000s\000i\000t\000i\000o\000n\000\040\000A\000m\000p\000l\000i\000t\000u\000d\000e\000\040\000a\000n\000d\000\040\000P\000r\000o\000b\000a\000b\000i\000l\000i\000t\000y}{section.12.3}% 287
\BOOKMARK [2][-]{subsection.12.3.2}{\376\377\000C\000y\000c\000l\000e\000\040\000A\000v\000e\000r\000a\000g\000i\000n\000g\000\040\000a\000n\000d\000\040\000T\000r\000a\000n\000s\000i\000t\000i\000o\000n\000\040\000R\000a\000t\000e\000s}{section.12.3}% 288
\BOOKMARK [1][-]{section.12.4}{\376\377\000S\000e\000c\000o\000n\000d\000-\000O\000r\000d\000e\000r\000\040\000T\000r\000a\000n\000s\000i\000t\000i\000o\000n\000s}{chapter.12}% 289
\BOOKMARK [2][-]{subsection.12.4.1}{\376\377\000D\000e\000r\000i\000v\000a\000t\000i\000o\000n\000\040\000o\000f\000\040\000t\000h\000e\000\040\000S\000e\000c\000o\000n\000d\000-\000O\000r\000d\000e\000r\000\040\000T\000r\000a\000n\000s\000i\000t\000i\000o\000n\000\040\000A\000m\000p\000l\000i\000t\000u\000d\000e}{section.12.4}% 290
\BOOKMARK [2][-]{subsection.12.4.2}{\376\377\000S\000e\000c\000o\000n\000d\000-\000O\000r\000d\000e\000r\000\040\000G\000o\000l\000d\000e\000n\000\040\000R\000u\000l\000e\000\040\000a\000n\000d\000\040\000V\000i\000r\000t\000u\000a\000l\000\040\000I\000n\000t\000e\000r\000m\000e\000d\000i\000a\000t\000e\000\040\000S\000t\000a\000t\000e\000s}{section.12.4}% 291
\BOOKMARK [2][-]{subsection.12.4.3}{\376\377\000G\000e\000n\000e\000r\000a\000l\000i\000z\000a\000t\000i\000o\000n\000:\000\040\000T\000h\000e\000\040\000T\000r\000a\000n\000s\000i\000t\000i\000o\000n\000\040\000M\000a\000t\000r\000i\000x\000\040\000\050\000T\000-\000M\000a\000t\000r\000i\000x\000\051}{section.12.4}% 292
\BOOKMARK [1][-]{section.12.5}{\376\377\000F\000o\000r\000w\000a\000r\000d\000\040\000S\000c\000a\000t\000t\000e\000r\000i\000n\000g\000\040\000A\000m\000p\000l\000i\000t\000u\000d\000e\000\040\000a\000n\000d\000\040\000t\000h\000e\000\040\000O\000p\000t\000i\000c\000a\000l\000\040\000T\000h\000e\000o\000r\000e\000m}{chapter.12}% 293
\BOOKMARK [2][-]{subsection.12.5.1}{\376\377\000E\000q\000u\000a\000t\000i\000o\000n\000s\000\040\000o\000f\000\040\000M\000o\000t\000i\000o\000n\000\040\000f\000o\000r\000\040\000t\000h\000e\000\040\000S\000u\000r\000v\000i\000v\000a\000l\000\040\000A\000m\000p\000l\000i\000t\000u\000d\000e}{section.12.5}% 294
\BOOKMARK [2][-]{subsection.12.5.2}{\376\377\000A\000d\000i\000a\000b\000a\000t\000i\000c\000\040\000E\000v\000o\000l\000u\000t\000i\000o\000n\000\040\000a\000n\000d\000\040\000D\000i\000s\000c\000r\000e\000t\000e\000\040\000S\000p\000e\000c\000t\000r\000a}{section.12.5}% 295
\BOOKMARK [2][-]{subsection.12.5.3}{\376\377\000C\000o\000n\000t\000i\000n\000u\000u\000m\000\040\000S\000p\000e\000c\000t\000r\000a\000:\000\040\000C\000o\000m\000p\000l\000e\000x\000\040\000E\000n\000e\000r\000g\000y\000\040\000a\000n\000d\000\040\000t\000h\000e\000\040\000O\000p\000t\000i\000c\000a\000l\000\040\000T\000h\000e\000o\000r\000e\000m}{section.12.5}% 296
\BOOKMARK [1][-]{section.12.6}{\376\377\000P\000r\000o\000b\000l\000e\000m\000s}{chapter.12}% 297
\BOOKMARK [0][-]{chapter.13}{\376\377\000I\000n\000t\000e\000r\000a\000c\000t\000i\000o\000n\000\040\000O\000f\000\040\000R\000a\000d\000i\000a\000t\000i\000o\000n\000\040\000W\000i\000t\000h\000\040\000M\000a\000t\000t\000e\000r}{}% 298
\BOOKMARK [1][-]{section.13.1}{\376\377\000I\000n\000t\000e\000r\000a\000c\000t\000i\000o\000n\000\040\000o\000f\000\040\000R\000a\000d\000i\000a\000t\000i\000o\000n\000\040\000w\000i\000t\000h\000\040\000M\000a\000t\000t\000e\000r\000:\000\040\000C\000l\000a\000s\000s\000i\000c\000a\000l\000\040\000F\000i\000e\000l\000d\000\040\000F\000o\000u\000n\000d\000a\000t\000i\000o\000n\000s}{chapter.13}% 299
\BOOKMARK [2][-]{subsection.13.1.1}{\376\377\000T\000h\000e\000\040\000T\000r\000a\000n\000s\000v\000e\000r\000s\000e\000\040\000G\000a\000u\000g\000e\000\040\000a\000n\000d\000\040\000M\000a\000x\000w\000e\000l\000l\000'\000s\000\040\000E\000q\000u\000a\000t\000i\000o\000n\000s}{section.13.1}% 300
\BOOKMARK [2][-]{subsection.13.1.2}{\376\377\000F\000r\000e\000e\000\040\000P\000l\000a\000n\000e\000\040\000W\000a\000v\000e\000s\000\040\000a\000n\000d\000\040\000E\000n\000e\000r\000g\000y\000\040\000F\000l\000u\000x}{section.13.1}% 301
\BOOKMARK [2][-]{subsection.13.1.3}{\376\377\000N\000o\000r\000m\000a\000l\000\040\000M\000o\000d\000e\000\040\000E\000x\000p\000a\000n\000s\000i\000o\000n\000\040\000i\000n\000\040\000a\000\040\000Q\000u\000a\000n\000t\000i\000z\000a\000t\000i\000o\000n\000\040\000B\000o\000x}{section.13.1}% 302
\BOOKMARK [1][-]{section.13.2}{\376\377\000T\000h\000e\000\040\000I\000n\000t\000e\000r\000a\000c\000t\000i\000o\000n\000\040\000H\000a\000m\000i\000l\000t\000o\000n\000i\000a\000n}{chapter.13}% 303
\BOOKMARK [2][-]{subsection.13.2.1}{\376\377\000M\000i\000n\000i\000m\000a\000l\000\040\000C\000o\000u\000p\000l\000i\000n\000g\000\040\000a\000n\000d\000\040\000G\000a\000u\000g\000e\000\040\000I\000n\000v\000a\000r\000i\000a\000n\000c\000e}{section.13.2}% 304
\BOOKMARK [2][-]{subsection.13.2.2}{\376\377\000M\000e\000c\000h\000a\000n\000i\000c\000a\000l\000\040\000V\000e\000l\000o\000c\000i\000t\000y\000\040\000v\000s\000.\000\040\000C\000a\000n\000o\000n\000i\000c\000a\000l\000\040\000M\000o\000m\000e\000n\000t\000u\000m}{section.13.2}% 305
\BOOKMARK [2][-]{subsection.13.2.3}{\376\377\000S\000e\000p\000a\000r\000a\000t\000i\000o\000n\000\040\000o\000f\000\040\000t\000h\000e\000\040\000I\000n\000t\000e\000r\000a\000c\000t\000i\000o\000n\000\040\000H\000a\000m\000i\000l\000t\000o\000n\000i\000a\000n}{section.13.2}% 306
\BOOKMARK [2][-]{subsection.13.2.4}{\376\377\000M\000a\000n\000y\000-\000P\000a\000r\000t\000i\000c\000l\000e\000\040\000S\000y\000s\000t\000e\000m\000s\000:\000\040\000P\000a\000r\000a\000m\000a\000g\000n\000e\000t\000i\000c\000\040\000a\000n\000d\000\040\000D\000i\000a\000m\000a\000g\000n\000e\000t\000i\000c\000\040\000C\000u\000r\000r\000e\000n\000t\000s}{section.13.2}% 307
\BOOKMARK [1][-]{section.13.3}{\376\377\000A\000b\000s\000o\000r\000p\000t\000i\000o\000n\000\040\000o\000f\000\040\000L\000i\000g\000h\000t\000\040\000a\000n\000d\000\040\000I\000n\000d\000u\000c\000e\000d\000\040\000E\000m\000i\000s\000s\000i\000o\000n}{chapter.13}% 308
\BOOKMARK [2][-]{subsection.13.3.1}{\376\377\000M\000o\000d\000e\000\040\000D\000e\000c\000o\000m\000p\000o\000s\000i\000t\000i\000o\000n\000\040\000o\000f\000\040\000t\000h\000e\000\040\000I\000n\000t\000e\000r\000a\000c\000t\000i\000o\000n}{section.13.3}% 309
\BOOKMARK [2][-]{subsection.13.3.2}{\376\377\000T\000r\000a\000n\000s\000i\000t\000i\000o\000n\000\040\000R\000a\000t\000e\000s\000\040\000f\000o\000r\000\040\000B\000r\000o\000a\000d\000b\000a\000n\000d\000\040\000I\000n\000c\000o\000h\000e\000r\000e\000n\000t\000\040\000R\000a\000d\000i\000a\000t\000i\000o\000n}{section.13.3}% 310
\BOOKMARK [2][-]{subsection.13.3.3}{\376\377\000C\000o\000n\000n\000e\000c\000t\000i\000o\000n\000\040\000t\000o\000\040\000S\000p\000e\000c\000t\000r\000a\000l\000\040\000I\000n\000t\000e\000n\000s\000i\000t\000y\000\040\000a\000n\000d\000\040\000I\000n\000d\000u\000c\000e\000d\000\040\000E\000m\000i\000s\000s\000i\000o\000n}{section.13.3}% 311
\BOOKMARK [2][-]{subsection.13.3.4}{\376\377\000P\000h\000o\000t\000o\000n\000\040\000I\000n\000t\000e\000r\000p\000r\000e\000t\000a\000t\000i\000o\000n\000\040\000a\000n\000d\000\040\000A\000b\000s\000o\000r\000p\000t\000i\000o\000n\000\040\000C\000r\000o\000s\000s\000\040\000S\000e\000c\000t\000i\000o\000n}{section.13.3}% 312
\BOOKMARK [1][-]{section.13.4}{\376\377\000T\000h\000e\000\040\000Q\000u\000a\000n\000t\000i\000z\000e\000d\000\040\000R\000a\000d\000i\000a\000t\000i\000o\000n\000\040\000F\000i\000e\000l\000d}{chapter.13}% 313
\BOOKMARK [2][-]{subsection.13.4.1}{\376\377\000P\000h\000o\000t\000o\000n\000\040\000F\000o\000c\000k\000\040\000S\000t\000a\000t\000e\000s\000\040\000a\000n\000d\000\040\000F\000i\000e\000l\000d\000\040\000Q\000u\000a\000n\000t\000i\000z\000a\000t\000i\000o\000n}{section.13.4}% 314
\BOOKMARK [2][-]{subsection.13.4.2}{\376\377\000T\000h\000e\000\040\000Q\000u\000a\000n\000t\000i\000z\000e\000d\000\040\000V\000e\000c\000t\000o\000r\000\040\000P\000o\000t\000e\000n\000t\000i\000a\000l\000\040\000O\000p\000e\000r\000a\000t\000o\000r}{section.13.4}% 315
\BOOKMARK [2][-]{subsection.13.4.3}{\376\377\000P\000h\000o\000t\000o\000n\000\040\000E\000m\000i\000s\000s\000i\000o\000n\000:\000\040\000S\000p\000o\000n\000t\000a\000n\000e\000o\000u\000s\000\040\000v\000s\000.\000\040\000I\000n\000d\000u\000c\000e\000d\000\040\000E\000m\000i\000s\000s\000i\000o\000n}{section.13.4}% 316
\BOOKMARK [2][-]{subsection.13.4.4}{\376\377\000V\000a\000c\000u\000u\000m\000\040\000F\000l\000u\000c\000t\000u\000a\000t\000i\000o\000n\000s\000\040\000a\000s\000\040\000t\000h\000e\000\040\000O\000r\000i\000g\000i\000n\000\040\000o\000f\000\040\000S\000p\000o\000n\000t\000a\000n\000e\000o\000u\000s\000\040\000E\000m\000i\000s\000s\000i\000o\000n}{section.13.4}% 317
\BOOKMARK [1][-]{section.13.5}{\376\377\000E\000i\000n\000s\000t\000e\000i\000n\000'\000s\000\040\000A\000\040\000a\000n\000d\000\040\000B\000\040\000C\000o\000e\000f\000f\000i\000c\000i\000e\000n\000t\000s\000\040\000a\000n\000d\000\040\000D\000e\000t\000a\000i\000l\000e\000d\000\040\000B\000a\000l\000a\000n\000c\000e}{chapter.13}% 318
\BOOKMARK [2][-]{subsection.13.5.1}{\376\377\000T\000h\000e\000r\000m\000a\000l\000\040\000E\000q\000u\000i\000l\000i\000b\000r\000i\000u\000m\000\040\000i\000n\000\040\000a\000\040\000R\000a\000d\000i\000a\000t\000i\000o\000n\000\040\000C\000a\000v\000i\000t\000y}{section.13.5}% 319
\BOOKMARK [2][-]{subsection.13.5.2}{\376\377\000T\000h\000e\000\040\000P\000r\000i\000n\000c\000i\000p\000l\000e\000\040\000o\000f\000\040\000D\000e\000t\000a\000i\000l\000e\000d\000\040\000B\000a\000l\000a\000n\000c\000e}{section.13.5}% 320
\BOOKMARK [2][-]{subsection.13.5.3}{\376\377\000U\000n\000i\000v\000e\000r\000s\000a\000l\000\040\000F\000o\000r\000m\000\040\000o\000f\000\040\000t\000h\000e\000\040\000R\000a\000d\000i\000a\000t\000i\000v\000e\000\040\000T\000r\000a\000n\000s\000i\000t\000i\000o\000n\000\040\000R\000a\000t\000e}{section.13.5}% 321
\BOOKMARK [1][-]{section.13.6}{\376\377\000D\000e\000t\000a\000i\000l\000s\000\040\000o\000f\000\040\000S\000p\000o\000n\000t\000a\000n\000e\000o\000u\000s\000\040\000E\000m\000i\000s\000s\000i\000o\000n\000:\000\040\000A\000n\000g\000u\000l\000a\000r\000\040\000D\000i\000s\000t\000r\000i\000b\000u\000t\000i\000o\000n\000\040\000a\000n\000d\000\040\000M\000o\000m\000e\000n\000t\000u\000m\000\040\000C\000o\000n\000s\000e\000r\000v\000a\000t\000i\000o\000n}{chapter.13}% 322
\BOOKMARK [2][-]{subsection.13.6.1}{\376\377\000R\000a\000d\000i\000a\000t\000e\000d\000\040\000P\000o\000w\000e\000r\000\040\000a\000n\000d\000\040\000t\000h\000e\000\040\000C\000l\000a\000s\000s\000i\000c\000a\000l\000\040\000C\000o\000r\000r\000e\000s\000p\000o\000n\000d\000e\000n\000c\000e}{section.13.6}% 323
\BOOKMARK [2][-]{subsection.13.6.2}{\376\377\000M\000o\000m\000e\000n\000t\000u\000m\000\040\000C\000o\000n\000s\000e\000r\000v\000a\000t\000i\000o\000n\000\040\000a\000n\000d\000\040\000A\000t\000o\000m\000i\000c\000\040\000R\000e\000c\000o\000i\000l}{section.13.6}% 324
\BOOKMARK [2][-]{subsection.13.6.3}{\376\377\000I\000m\000p\000o\000s\000s\000i\000b\000i\000l\000i\000t\000y\000\040\000o\000f\000\040\000R\000a\000d\000i\000a\000t\000i\000o\000n\000\040\000b\000y\000\040\000a\000\040\000F\000r\000e\000e\000\040\000E\000l\000e\000c\000t\000r\000o\000n}{section.13.6}% 325
\BOOKMARK [1][-]{section.13.7}{\376\377\000E\000l\000e\000c\000t\000r\000i\000c\000\040\000D\000i\000p\000o\000l\000e\000\040\000T\000r\000a\000n\000s\000i\000t\000i\000o\000n\000s}{chapter.13}% 326
\BOOKMARK [2][-]{subsection.13.7.1}{\376\377\000T\000h\000e\000\040\000E\000l\000e\000c\000t\000r\000i\000c\000\040\000D\000i\000p\000o\000l\000e\000\040\000A\000p\000p\000r\000o\000x\000i\000m\000a\000t\000i\000o\000n}{section.13.7}% 327
\BOOKMARK [2][-]{subsection.13.7.2}{\376\377\000R\000a\000d\000i\000a\000t\000e\000d\000\040\000P\000o\000w\000e\000r\000\040\000a\000n\000d\000\040\000A\000n\000g\000u\000l\000a\000r\000\040\000D\000i\000s\000t\000r\000i\000b\000u\000t\000i\000o\000n}{section.13.7}% 328
\BOOKMARK [2][-]{subsection.13.7.3}{\376\377\000S\000e\000l\000e\000c\000t\000i\000o\000n\000\040\000R\000u\000l\000e\000s\000\040\000f\000o\000r\000\040\000E\000l\000e\000c\000t\000r\000i\000c\000\040\000D\000i\000p\000o\000l\000e\000\040\000T\000r\000a\000n\000s\000i\000t\000i\000o\000n\000s}{section.13.7}% 329
\BOOKMARK [2][-]{subsection.13.7.4}{\376\377\000T\000h\000e\000\040\000T\000h\000o\000m\000a\000s\040\023\000R\000e\000i\000c\000h\000e\040\023\000K\000u\000h\000n\000\040\000\050\000T\000R\000K\000\051\000\040\000D\000i\000p\000o\000l\000e\000\040\000S\000u\000m\000\040\000R\000u\000l\000e}{section.13.7}% 330
\BOOKMARK [1][-]{section.13.8}{\376\377\000M\000a\000g\000n\000e\000t\000i\000c\000\040\000D\000i\000p\000o\000l\000e\000\040\000a\000n\000d\000\040\000E\000l\000e\000c\000t\000r\000i\000c\000\040\000Q\000u\000a\000d\000r\000u\000p\000o\000l\000e\000\040\000T\000r\000a\000n\000s\000i\000t\000i\000o\000n\000s}{chapter.13}% 331
\BOOKMARK [2][-]{subsection.13.8.1}{\376\377\000D\000e\000c\000o\000m\000p\000o\000s\000i\000t\000i\000o\000n\000\040\000o\000f\000\040\000t\000h\000e\000\040\000F\000i\000r\000s\000t\000\040\000R\000e\000t\000a\000r\000d\000a\000t\000i\000o\000n\000\040\000C\000o\000r\000r\000e\000c\000t\000i\000o\000n}{section.13.8}% 332
\BOOKMARK [2][-]{subsection.13.8.2}{\376\377\000M\000a\000g\000n\000e\000t\000i\000c\000\040\000D\000i\000p\000o\000l\000e\000\040\000T\000r\000a\000n\000s\000i\000t\000i\000o\000n\000s\000\040\000\050\000M\0001\000\051}{section.13.8}% 333
\BOOKMARK [2][-]{subsection.13.8.3}{\376\377\000E\000l\000e\000c\000t\000r\000i\000c\000\040\000Q\000u\000a\000d\000r\000u\000p\000o\000l\000e\000\040\000T\000r\000a\000n\000s\000i\000t\000i\000o\000n\000s\000\040\000\050\000E\0002\000\051}{section.13.8}% 334
\BOOKMARK [2][-]{subsection.13.8.4}{\376\377\000S\000t\000r\000i\000c\000t\000l\000y\000\040\000F\000o\000r\000b\000i\000d\000d\000e\000n\000\040\000T\000r\000a\000n\000s\000i\000t\000i\000o\000n\000s\000\040\000a\000n\000d\000\040\000T\000w\000o\000-\000P\000h\000o\000t\000o\000n\000\040\000D\000e\000c\000a\000y}{section.13.8}% 335
\BOOKMARK [1][-]{section.13.9}{\376\377\000S\000c\000a\000t\000t\000e\000r\000i\000n\000g\000\040\000o\000f\000\040\000L\000i\000g\000h\000t\000\040\000a\000n\000d\000\040\000T\000h\000o\000m\000s\000o\000n\000\040\000S\000c\000a\000t\000t\000e\000r\000i\000n\000g}{chapter.13}% 336
\BOOKMARK [2][-]{subsection.13.9.1}{\376\377\000F\000i\000r\000s\000t\000-\000O\000r\000d\000e\000r\000\040\000S\000c\000a\000t\000t\000e\000r\000i\000n\000g\000\040\000f\000r\000o\000m\000\040\000t\000h\000e\000\040\000A\0002\000\040\000C\000o\000n\000t\000a\000c\000t\000\040\000I\000n\000t\000e\000r\000a\000c\000t\000i\000o\000n}{section.13.9}% 337
\BOOKMARK [2][-]{subsection.13.9.2}{\376\377\000D\000i\000f\000f\000e\000r\000e\000n\000t\000i\000a\000l\000\040\000C\000r\000o\000s\000s\000\040\000S\000e\000c\000t\000i\000o\000n\000\040\000a\000n\000d\000\040\000T\000h\000o\000m\000s\000o\000n\000\040\000S\000c\000a\000t\000t\000e\000r\000i\000n\000g}{section.13.9}% 338
\BOOKMARK [2][-]{subsection.13.9.3}{\376\377\000S\000e\000c\000o\000n\000d\000-\000O\000r\000d\000e\000r\000\040\000C\000o\000n\000t\000r\000i\000b\000u\000t\000i\000o\000n\000s\000\040\000f\000r\000o\000m\000\040\000j\000\040\000A}{section.13.9}% 339
\BOOKMARK [1][-]{section.13.10}{\376\377\000R\000a\000m\000a\000n\000\040\000a\000n\000d\000\040\000R\000a\000y\000l\000e\000i\000g\000h\000\040\000S\000c\000a\000t\000t\000e\000r\000i\000n\000g\000:\000\040\000T\000h\000e\000\040\000K\000r\000a\000m\000e\000r\000s\040\023\000H\000e\000i\000s\000e\000n\000b\000e\000r\000g\000\040\000F\000o\000r\000m\000u\000l\000a}{chapter.13}% 340
\BOOKMARK [2][-]{subsection.13.10.1}{\376\377\000D\000e\000r\000i\000v\000a\000t\000i\000o\000n\000\040\000o\000f\000\040\000t\000h\000e\000\040\000K\000r\000a\000m\000e\000r\000s\040\023\000H\000e\000i\000s\000e\000n\000b\000e\000r\000g\000\040\000T\000r\000a\000n\000s\000i\000t\000i\000o\000n\000\040\000A\000m\000p\000l\000i\000t\000u\000d\000e}{section.13.10}% 341
\BOOKMARK [2][-]{subsection.13.10.2}{\376\377\000S\000e\000l\000e\000c\000t\000i\000o\000n\000\040\000R\000u\000l\000e\000s\000\040\000a\000n\000d\000\040\000P\000a\000r\000i\000t\000y\000\040\000C\000o\000m\000p\000l\000e\000m\000e\000n\000t\000a\000r\000i\000t\000y}{section.13.10}% 342
\BOOKMARK [2][-]{subsection.13.10.3}{\376\377\000R\000a\000y\000l\000e\000i\000g\000h\000\040\000S\000c\000a\000t\000t\000e\000r\000i\000n\000g\000\040\000a\000n\000d\000\040\000t\000h\000e\000\040\0004\000\040\000L\000a\000w}{section.13.10}% 343
\BOOKMARK [2][-]{subsection.13.10.4}{\376\377\000T\000h\000e\000\040\000D\000i\000p\000o\000l\000e\000\040\000G\000a\000u\000g\000e\000\040\000T\000r\000a\000n\000s\000f\000o\000r\000m\000a\000t\000i\000o\000n}{section.13.10}% 344
\BOOKMARK [1][-]{section.13.11}{\376\377\000P\000r\000o\000b\000l\000e\000m\000s}{chapter.13}% 345
\BOOKMARK [0][-]{chapter.14}{\376\377\000S\000p\000i\000n\000\040\0001\0002}{}% 346
\BOOKMARK [1][-]{section.14.1}{\376\377\000S\000p\000i\000n\000\040\0001\000/\0002}{chapter.14}% 347
\BOOKMARK [2][-]{subsection.14.1.1}{\376\377\000S\000p\000i\000n\000\040\000O\000p\000e\000r\000a\000t\000o\000r\000s\000\040\000a\000n\000d\000\040\000S\000t\000a\000t\000e\000\040\000S\000p\000a\000c\000e}{section.14.1}% 348
\BOOKMARK [2][-]{subsection.14.1.2}{\376\377\000T\000h\000e\000\040\000P\000a\000u\000l\000i\000\040\000R\000e\000p\000r\000e\000s\000e\000n\000t\000a\000t\000i\000o\000n}{section.14.1}% 349
\BOOKMARK [2][-]{subsection.14.1.3}{\376\377\000A\000l\000g\000e\000b\000r\000a\000i\000c\000\040\000P\000r\000o\000p\000e\000r\000t\000i\000e\000s\000\040\000o\000f\000\040\000t\000h\000e\000\040\000P\000a\000u\000l\000i\000\040\000M\000a\000t\000r\000i\000c\000e\000s}{section.14.1}% 350
\BOOKMARK [2][-]{subsection.14.1.4}{\376\377\000U\000s\000e\000f\000u\000l\000\040\000I\000d\000e\000n\000t\000i\000t\000i\000e\000s}{section.14.1}% 351
\BOOKMARK [1][-]{section.14.2}{\376\377\000R\000o\000t\000a\000t\000i\000o\000n\000s\000\040\000i\000n\000\040\000S\000p\000i\000n\000\040\000S\000p\000a\000c\000e}{chapter.14}% 352
\BOOKMARK [2][-]{subsection.14.2.1}{\376\377\000T\000r\000a\000n\000s\000f\000o\000r\000m\000a\000t\000i\000o\000n\000\040\000o\000f\000\040\000S\000p\000i\000n\000\040\000O\000p\000e\000r\000a\000t\000o\000r\000s}{section.14.2}% 353
\BOOKMARK [2][-]{subsection.14.2.2}{\376\377\000T\000r\000a\000n\000s\000f\000o\000r\000m\000a\000t\000i\000o\000n\000\040\000o\000f\000\040\000S\000p\000i\000n\000\040\000S\000t\000a\000t\000e\000s}{section.14.2}% 354
\BOOKMARK [2][-]{subsection.14.2.3}{\376\377\000M\000a\000t\000r\000i\000x\000\040\000E\000v\000a\000l\000u\000a\000t\000i\000o\000n\000\040\000o\000f\000\040\000t\000h\000e\000\040\000S\000p\000i\000n\000\040\000R\000o\000t\000a\000t\000i\000o\000n\000\040\000O\000p\000e\000r\000a\000t\000o\000r}{section.14.2}% 355
\BOOKMARK [2][-]{subsection.14.2.4}{\376\377\000C\000o\000m\000p\000o\000s\000i\000t\000i\000o\000n\000\040\000a\000n\000d\000\040\000t\000h\000e\000\040\000D\000o\000u\000b\000l\000e\000-\000V\000a\000l\000u\000e\000d\000\040\000N\000a\000t\000u\000r\000e\000\040\000o\000f\000\040\000S\000U\000\050\0002\000\051}{section.14.2}% 356
\BOOKMARK [1][-]{section.14.3}{\376\377\000I\000n\000c\000l\000u\000d\000i\000n\000g\000\040\000S\000p\000a\000t\000i\000a\000l\000\040\000D\000e\000g\000r\000e\000e\000s\000\040\000o\000f\000\040\000F\000r\000e\000e\000d\000o\000m}{chapter.14}% 357
\BOOKMARK [2][-]{subsection.14.3.1}{\376\377\000T\000w\000o\000-\000C\000o\000m\000p\000o\000n\000e\000n\000t\000\040\000S\000p\000i\000n\000o\000r\000\040\000W\000a\000v\000e\000\040\000F\000u\000n\000c\000t\000i\000o\000n\000s}{section.14.3}% 358
\BOOKMARK [2][-]{subsection.14.3.2}{\376\377\000T\000o\000t\000a\000l\000\040\000A\000n\000g\000u\000l\000a\000r\000\040\000M\000o\000m\000e\000n\000t\000u\000m\000\040\000a\000n\000d\000\040\000J\000o\000i\000n\000t\000\040\000R\000o\000t\000a\000t\000i\000o\000n\000s}{section.14.3}% 359
\BOOKMARK [1][-]{section.14.4}{\376\377\000T\000h\000e\000\040\000S\000p\000i\000n\000\040\000M\000a\000g\000n\000e\000t\000i\000c\000\040\000M\000o\000m\000e\000n\000t}{chapter.14}% 360
\BOOKMARK [2][-]{subsection.14.4.1}{\376\377\000O\000r\000b\000i\000t\000a\000l\000\040\000a\000n\000d\000\040\000S\000p\000i\000n\000\040\000M\000a\000g\000n\000e\000t\000i\000c\000\040\000M\000o\000m\000e\000n\000t\000s}{section.14.4}% 361
\BOOKMARK [2][-]{subsection.14.4.2}{\376\377\000T\000h\000e\000\040\000Z\000e\000e\000m\000a\000n\000\040\000E\000f\000f\000e\000c\000t\000\040\000i\000n\000\040\000H\000y\000d\000r\000o\000g\000e\000n}{section.14.4}% 362
\BOOKMARK [2][-]{subsection.14.4.3}{\376\377\000R\000e\000l\000a\000t\000i\000v\000i\000s\000t\000i\000c\000\040\000S\000p\000i\000n\000-\000O\000r\000b\000i\000t\000\040\000C\000o\000u\000p\000l\000i\000n\000g}{section.14.4}% 363
\BOOKMARK [2][-]{subsection.14.4.4}{\376\377\000T\000h\000e\000\040\000P\000a\000u\000l\000i\000\040\000E\000q\000u\000a\000t\000i\000o\000n}{section.14.4}% 364
\BOOKMARK [1][-]{section.14.5}{\376\377\000S\000p\000i\000n\000\040\000P\000r\000e\000c\000e\000s\000s\000i\000o\000n}{chapter.14}% 365
\BOOKMARK [2][-]{subsection.14.5.1}{\376\377\000H\000e\000i\000s\000e\000n\000b\000e\000r\000g\000\040\000E\000q\000u\000a\000t\000i\000o\000n\000\040\000o\000f\000\040\000M\000o\000t\000i\000o\000n\000\040\000a\000n\000d\000\040\000L\000a\000r\000m\000o\000r\000\040\000P\000r\000e\000c\000e\000s\000s\000i\000o\000n}{section.14.5}% 366
\BOOKMARK [2][-]{subsection.14.5.2}{\376\377\000S\000c\000h\000r\000\366\000d\000i\000n\000g\000e\000r\000\040\000P\000i\000c\000t\000u\000r\000e\000\040\000D\000e\000s\000c\000r\000i\000p\000t\000i\000o\000n}{section.14.5}% 367
\BOOKMARK [2][-]{subsection.14.5.3}{\376\377\000E\000x\000p\000e\000r\000i\000m\000e\000n\000t\000a\000l\000\040\000A\000p\000p\000l\000i\000c\000a\000t\000i\000o\000n\000:\000\040\000T\000h\000e\000\040\000M\000u\000o\000n\000\040\000\050\000g\000-\0002\000\051\000\040\000M\000e\000a\000s\000u\000r\000e\000m\000e\000n\000t}{section.14.5}% 368
\BOOKMARK [1][-]{section.14.6}{\376\377\000M\000a\000g\000n\000e\000t\000i\000c\000\040\000R\000e\000s\000o\000n\000a\000n\000c\000e\000\040\000a\000n\000d\000\040\000R\000a\000m\000s\000e\000y\000\040\000I\000n\000t\000e\000r\000f\000e\000r\000o\000m\000e\000t\000r\000y}{chapter.14}% 369
\BOOKMARK [2][-]{subsection.14.6.1}{\376\377\000R\000o\000t\000a\000t\000i\000n\000g\000\040\000W\000a\000v\000e\000\040\000A\000p\000p\000r\000o\000x\000i\000m\000a\000t\000i\000o\000n\000\040\000\050\000R\000W\000A\000\051\000\040\000a\000n\000d\000\040\000R\000a\000b\000i\000\040\000O\000s\000c\000i\000l\000l\000a\000t\000i\000o\000n\000s}{section.14.6}% 370
\BOOKMARK [2][-]{subsection.14.6.2}{\376\377\000S\000e\000p\000a\000r\000a\000t\000e\000d\000\040\000O\000s\000c\000i\000l\000l\000a\000t\000o\000r\000y\000\040\000F\000i\000e\000l\000d\000s\000:\000\040\000T\000h\000e\000\040\000R\000a\000m\000s\000e\000y\000\040\000M\000e\000t\000h\000o\000d}{section.14.6}% 371
\BOOKMARK [1][-]{section.14.7}{\376\377\000M\000o\000t\000i\000o\000n\000\040\000i\000n\000\040\000I\000n\000h\000o\000m\000o\000g\000e\000n\000e\000o\000u\000s\000\040\000M\000a\000g\000n\000e\000t\000i\000c\000\040\000F\000i\000e\000l\000d\000s\000\040\000a\000n\000d\000\040\000t\000h\000e\000\040\000S\000t\000e\000r\000n\040\023\000G\000e\000r\000l\000a\000c\000h\000\040\000E\000f\000f\000e\000c\000t}{chapter.14}% 372
\BOOKMARK [2][-]{subsection.14.7.1}{\376\377\000T\000h\000e\000\040\000S\000t\000e\000r\000n\040\023\000G\000e\000r\000l\000a\000c\000h\000\040\000E\000x\000p\000e\000r\000i\000m\000e\000n\000t}{section.14.7}% 373
\BOOKMARK [2][-]{subsection.14.7.2}{\376\377\000E\000n\000t\000a\000n\000g\000l\000e\000m\000e\000n\000t\000\040\000o\000f\000\040\000S\000p\000a\000t\000i\000a\000l\000\040\000a\000n\000d\000\040\000S\000p\000i\000n\000\040\000D\000e\000g\000r\000e\000e\000s\000\040\000o\000f\000\040\000F\000r\000e\000e\000d\000o\000m}{section.14.7}% 374
\BOOKMARK [2][-]{subsection.14.7.3}{\376\377\000I\000m\000p\000o\000s\000s\000i\000b\000i\000l\000i\000t\000y\000\040\000o\000f\000\040\000a\000\040\000S\000t\000e\000r\000n\040\023\000G\000e\000r\000l\000a\000c\000h\000\040\000E\000x\000p\000e\000r\000i\000m\000e\000n\000t\000\040\000f\000o\000r\000\040\000F\000r\000e\000e\000\040\000E\000l\000e\000c\000t\000r\000o\000n\000s}{section.14.7}% 375
\BOOKMARK [1][-]{section.14.8}{\376\377\000P\000r\000o\000b\000l\000e\000m\000s}{chapter.14}% 376
\BOOKMARK [0][-]{chapter.15}{\376\377\000A\000d\000d\000i\000t\000i\000o\000n\000\040\000O\000f\000\040\000A\000n\000g\000u\000l\000a\000r\000\040\000M\000o\000m\000e\000n\000t\000a}{}% 377
\BOOKMARK [1][-]{section.15.1}{\376\377\000A\000d\000d\000i\000t\000i\000o\000n\000\040\000o\000f\000\040\000A\000n\000g\000u\000l\000a\000r\000\040\000M\000o\000m\000e\000n\000t\000a\000:\000\040\000T\000h\000e\000\040\000T\000w\000o\000\040\000S\000p\000i\000n\000-\0001\000/\0002\000\040\000S\000y\000s\000t\000e\000m}{chapter.15}% 378
\BOOKMARK [2][-]{subsection.15.1.1}{\376\377\000T\000h\000e\000\040\000U\000n\000c\000o\000u\000p\000l\000e\000d\000\040\000R\000e\000p\000r\000e\000s\000e\000n\000t\000a\000t\000i\000o\000n}{section.15.1}% 379
\BOOKMARK [2][-]{subsection.15.1.2}{\376\377\000T\000h\000e\000\040\000C\000o\000u\000p\000l\000e\000d\000\040\000R\000e\000p\000r\000e\000s\000e\000n\000t\000a\000t\000i\000o\000n\000:\000\040\000T\000r\000i\000p\000l\000e\000t\000\040\000a\000n\000d\000\040\000S\000i\000n\000g\000l\000e\000t\000\040\000S\000t\000a\000t\000e\000s}{section.15.1}% 380
\BOOKMARK [2][-]{subsection.15.1.3}{\376\377\000S\000p\000i\000n\000-\000S\000p\000i\000n\000\040\000C\000o\000u\000p\000l\000i\000n\000g\000\040\000a\000n\000d\000\040\000P\000r\000o\000j\000e\000c\000t\000i\000o\000n\000\040\000O\000p\000e\000r\000a\000t\000o\000r\000s}{section.15.1}% 381
\BOOKMARK [1][-]{section.15.2}{\376\377\000A\000d\000d\000i\000t\000i\000o\000n\000\040\000o\000f\000\040\000T\000w\000o\000\040\000G\000e\000n\000e\000r\000a\000l\000\040\000A\000n\000g\000u\000l\000a\000r\000\040\000M\000o\000m\000e\000n\000t\000a}{chapter.15}% 382
\BOOKMARK [2][-]{subsection.15.2.1}{\376\377\000U\000n\000c\000o\000u\000p\000l\000e\000d\000\040\000a\000n\000d\000\040\000C\000o\000u\000p\000l\000e\000d\000\040\000R\000e\000p\000r\000e\000s\000e\000n\000t\000a\000t\000i\000o\000n\000s}{section.15.2}% 383
\BOOKMARK [2][-]{subsection.15.2.2}{\376\377\000C\000l\000e\000b\000s\000c\000h\040\023\000G\000o\000r\000d\000a\000n\000\040\000C\000o\000e\000f\000f\000i\000c\000i\000e\000n\000t\000s\000\040\000a\000n\000d\000\040\000S\000e\000l\000e\000c\000t\000i\000o\000n\000\040\000R\000u\000l\000e\000s}{section.15.2}% 384
\BOOKMARK [2][-]{subsection.15.2.3}{\376\377\000T\000h\000e\000\040\000T\000r\000i\000a\000n\000g\000l\000e\000\040\000R\000u\000l\000e\000\040\000a\000n\000d\000\040\000M\000u\000l\000t\000i\000p\000l\000e\000t\000\040\000D\000e\000c\000o\000m\000p\000o\000s\000i\000t\000i\000o\000n}{section.15.2}% 385
\BOOKMARK [1][-]{section.15.3}{\376\377\000C\000l\000e\000b\000s\000c\000h\040\023\000G\000o\000r\000d\000a\000n\000\040\000C\000o\000e\000f\000f\000i\000c\000i\000e\000n\000t\000s\000\040\000a\000n\000d\000\040\000R\000e\000c\000u\000r\000r\000e\000n\000c\000e\000\040\000R\000e\000l\000a\000t\000i\000o\000n\000s}{chapter.15}% 386
\BOOKMARK [2][-]{subsection.15.3.1}{\376\377\000O\000r\000t\000h\000o\000g\000o\000n\000a\000l\000i\000t\000y\000\040\000a\000n\000d\000\040\000C\000o\000m\000p\000l\000e\000t\000e\000n\000e\000s\000s}{section.15.3}% 387
\BOOKMARK [2][-]{subsection.15.3.2}{\376\377\000R\000e\000c\000u\000r\000r\000e\000n\000c\000e\000\040\000R\000e\000l\000a\000t\000i\000o\000n\000s\000\040\000v\000i\000a\000\040\000L\000a\000d\000d\000e\000r\000\040\000O\000p\000e\000r\000a\000t\000o\000r\000s}{section.15.3}% 388
\BOOKMARK [2][-]{subsection.15.3.3}{\376\377\000C\000o\000u\000p\000l\000i\000n\000g\000\040\000O\000r\000b\000i\000t\000a\000l\000\040\000A\000n\000g\000u\000l\000a\000r\000\040\000M\000o\000m\000e\000n\000t\000u\000m\000\040\000t\000o\000\040\000S\000p\000i\000n\000\040\0001\000/\0002}{section.15.3}% 389
\BOOKMARK [2][-]{subsection.15.3.4}{\376\377\000E\000i\000g\000e\000n\000v\000a\000l\000u\000e\000s\000\040\000o\000f\000\040\000t\000h\000e\000\040\000S\000p\000i\000n\000-\000O\000r\000b\000i\000t\000\040\000O\000p\000e\000r\000a\000t\000o\000r}{section.15.3}% 390
\BOOKMARK [1][-]{section.15.4}{\376\377\000S\000c\000a\000t\000t\000e\000r\000i\000n\000g\000\040\000o\000f\000\040\000S\000p\000i\000n\000-\0001\000/\0002\000\040\000P\000a\000r\000t\000i\000c\000l\000e\000s\000\040\000w\000i\000t\000h\000\040\000S\000p\000i\000n\000l\000e\000s\000s\000\040\000P\000a\000r\000t\000i\000c\000l\000e\000s}{chapter.15}% 391
\BOOKMARK [2][-]{subsection.15.4.1}{\376\377\000S\000y\000m\000m\000e\000t\000r\000i\000e\000s\000\040\000a\000n\000d\000\040\000C\000o\000n\000s\000e\000r\000v\000a\000t\000i\000o\000n\000\040\000L\000a\000w\000s}{section.15.4}% 392
\BOOKMARK [2][-]{subsection.15.4.2}{\376\377\000P\000a\000r\000t\000i\000a\000l\000\040\000W\000a\000v\000e\000\040\000C\000h\000a\000n\000n\000e\000l\000\040\000D\000e\000c\000o\000m\000p\000o\000s\000i\000t\000i\000o\000n}{section.15.4}% 393
\BOOKMARK [1][-]{section.15.5}{\376\377\000A\000d\000d\000i\000t\000i\000o\000n\000\040\000o\000f\000\040\000T\000h\000r\000e\000e\000\040\000A\000n\000g\000u\000l\000a\000r\000\040\000M\000o\000m\000e\000n\000t\000a\000\040\000a\000n\000d\000\040\000R\000e\000c\000o\000u\000p\000l\000i\000n\000g}{chapter.15}% 394
\BOOKMARK [2][-]{subsection.15.5.1}{\376\377\000C\000o\000u\000p\000l\000i\000n\000g\000\040\000S\000c\000h\000e\000m\000e\000s}{section.15.5}% 395
\BOOKMARK [2][-]{subsection.15.5.2}{\376\377\000R\000e\000c\000o\000u\000p\000l\000i\000n\000g\000\040\000C\000o\000e\000f\000f\000i\000c\000i\000e\000n\000t\000s\000\040\000a\000n\000d\000\040\000W\000i\000g\000n\000e\000r\000\040\0006\000j\000-\000S\000y\000m\000b\000o\000l\000s}{section.15.5}% 396
\BOOKMARK [2][-]{subsection.15.5.3}{\376\377\000P\000h\000y\000s\000i\000c\000a\000l\000\040\000A\000p\000p\000l\000i\000c\000a\000t\000i\000o\000n\000:\000\040\000T\000h\000e\000\040\000T\000w\000o\000-\000N\000u\000c\000l\000e\000o\000n\000\040\000S\000y\000s\000t\000e\000m}{section.15.5}% 397
\BOOKMARK [1][-]{section.15.6}{\376\377\000P\000r\000o\000b\000l\000e\000m\000s}{chapter.15}% 398
\BOOKMARK [0][-]{chapter.16}{\376\377\000I\000s\000o\000t\000o\000p\000i\000c\000\040\000S\000p\000i\000n}{}% 399
\BOOKMARK [1][-]{section.16.1}{\376\377\000I\000s\000o\000t\000o\000p\000i\000c\000\040\000S\000p\000i\000n}{chapter.16}% 400
\BOOKMARK [2][-]{subsection.16.1.1}{\376\377\000T\000h\000e\000\040\000N\000u\000c\000l\000e\000o\000n\000\040\000I\000s\000o\000s\000p\000i\000n\000\040\000D\000o\000u\000b\000l\000e\000t}{section.16.1}% 401
\BOOKMARK [2][-]{subsection.16.1.2}{\376\377\000T\000h\000e\000\040\000P\000i\000o\000n\000\040\000I\000s\000o\000s\000p\000i\000n\000\040\000T\000r\000i\000p\000l\000e\000t}{section.16.1}% 402
\BOOKMARK [2][-]{subsection.16.1.3}{\376\377\000T\000h\000e\000\040\000P\000i\000o\000n\040\023\000N\000u\000c\000l\000e\000o\000n\000\040\000S\000y\000s\000t\000e\000m\000\040\000a\000n\000d\000\040\000C\000l\000e\000b\000s\000c\000h\040\023\000G\000o\000r\000d\000a\000n\000\040\000D\000e\000c\000o\000m\000p\000o\000s\000i\000t\000i\000o\000n}{section.16.1}% 403
\BOOKMARK [2][-]{subsection.16.1.4}{\376\377\000C\000h\000a\000r\000g\000e\000\040\000I\000n\000d\000e\000p\000e\000n\000d\000e\000n\000c\000e\000\040\000a\000n\000d\000\040\000S\000c\000a\000t\000t\000e\000r\000i\000n\000g\000\040\000P\000r\000e\000d\000i\000c\000t\000i\000o\000n\000s}{section.16.1}% 404
\BOOKMARK [1][-]{section.16.2}{\376\377\000P\000r\000o\000b\000l\000e\000m\000s}{chapter.16}% 405
\BOOKMARK [0][-]{chapter.17}{\376\377\000R\000o\000t\000a\000t\000i\000o\000n\000s\000\040\000A\000n\000d\000\040\000T\000e\000n\000s\000o\000r\000\040\000O\000p\000e\000r\000a\000t\000o\000r\000s}{}% 406
\BOOKMARK [1][-]{section.17.1}{\376\377\000R\000o\000t\000a\000t\000i\000o\000n\000s\000\040\000a\000n\000d\000\040\000T\000e\000n\000s\000o\000r\000\040\000O\000p\000e\000r\000a\000t\000o\000r\000s\000:\000\040\000I\000n\000t\000r\000o\000d\000u\000c\000t\000i\000o\000n}{chapter.17}% 407
\BOOKMARK [1][-]{section.17.2}{\376\377\000R\000e\000p\000r\000e\000s\000e\000n\000t\000a\000t\000i\000o\000n\000s\000\040\000o\000f\000\040\000t\000h\000e\000\040\000R\000o\000t\000a\000t\000i\000o\000n\000\040\000G\000r\000o\000u\000p}{chapter.17}% 408
\BOOKMARK [2][-]{subsection.17.2.1}{\376\377\000G\000r\000o\000u\000p\000\040\000R\000e\000p\000r\000e\000s\000e\000n\000t\000a\000t\000i\000o\000n\000\040\000P\000r\000o\000p\000e\000r\000t\000i\000e\000s}{section.17.2}% 409
\BOOKMARK [2][-]{subsection.17.2.2}{\376\377\000E\000u\000l\000e\000r\000\040\000A\000n\000g\000l\000e\000\040\000P\000a\000r\000a\000m\000e\000t\000e\000r\000i\000z\000a\000t\000i\000o\000n}{section.17.2}% 410
\BOOKMARK [2][-]{subsection.17.2.3}{\376\377\000R\000e\000l\000a\000t\000i\000o\000n\000\040\000t\000o\000\040\000S\000p\000h\000e\000r\000i\000c\000a\000l\000\040\000H\000a\000r\000m\000o\000n\000i\000c\000s}{section.17.2}% 411
\BOOKMARK [2][-]{subsection.17.2.4}{\376\377\000D\000i\000r\000e\000c\000t\000\040\000P\000r\000o\000d\000u\000c\000t\000s\000\040\000a\000n\000d\000\040\000t\000h\000e\000\040\000C\000l\000e\000b\000s\000c\000h\040\023\000G\000o\000r\000d\000a\000n\000\040\000S\000e\000r\000i\000e\000s}{section.17.2}% 412
\BOOKMARK [2][-]{subsection.17.2.5}{\376\377\000O\000r\000t\000h\000o\000g\000o\000n\000a\000l\000i\000t\000y\000\040\000o\000f\000\040\000R\000o\000t\000a\000t\000i\000o\000n\000\040\000M\000a\000t\000r\000i\000c\000e\000s\000\040\000a\000n\000d\000\040\000C\000h\000a\000r\000a\000c\000t\000e\000r\000s}{section.17.2}% 413
\BOOKMARK [1][-]{section.17.3}{\376\377\000S\000p\000h\000e\000r\000i\000c\000a\000l\000\040\000T\000e\000n\000s\000o\000r\000\040\000O\000p\000e\000r\000a\000t\000o\000r\000s\000\040\000a\000n\000d\000\040\000t\000h\000e\000\040\000W\000i\000g\000n\000e\000r\040\023\000E\000c\000k\000a\000r\000t\000\040\000T\000h\000e\000o\000r\000e\000m}{chapter.17}% 414
\BOOKMARK [2][-]{subsection.17.3.1}{\376\377\000D\000e\000f\000i\000n\000i\000t\000i\000o\000n\000\040\000o\000f\000\040\000I\000r\000r\000e\000d\000u\000c\000i\000b\000l\000e\000\040\000S\000p\000h\000e\000r\000i\000c\000a\000l\000\040\000T\000e\000n\000s\000o\000r\000\040\000O\000p\000e\000r\000a\000t\000o\000r\000s}{section.17.3}% 415
\BOOKMARK [2][-]{subsection.17.3.2}{\376\377\000S\000p\000h\000e\000r\000i\000c\000a\000l\000\040\000C\000o\000m\000p\000o\000n\000e\000n\000t\000s\000\040\000o\000f\000\040\000V\000e\000c\000t\000o\000r\000\040\000O\000p\000e\000r\000a\000t\000o\000r\000s\000\040\000a\000n\000d\000\040\000S\000o\000l\000i\000d\000\040\000H\000a\000r\000m\000o\000n\000i\000c\000s}{section.17.3}% 416
\BOOKMARK [2][-]{subsection.17.3.3}{\376\377\000T\000h\000e\000\040\000W\000i\000g\000n\000e\000r\040\023\000E\000c\000k\000a\000r\000t\000\040\000T\000h\000e\000o\000r\000e\000m}{section.17.3}% 417
\BOOKMARK [2][-]{subsection.17.3.4}{\376\377\000T\000e\000n\000s\000o\000r\000\040\000P\000r\000o\000d\000u\000c\000t\000s\000\040\000o\000f\000\040\000T\000e\000n\000s\000o\000r\000\040\000O\000p\000e\000r\000a\000t\000o\000r\000s}{section.17.3}% 418
\BOOKMARK [1][-]{section.17.4}{\376\377\000M\000u\000l\000t\000i\000p\000o\000l\000e\000\040\000R\000a\000d\000i\000a\000t\000i\000o\000n\000\040\000a\000n\000d\000\040\000S\000e\000l\000e\000c\000t\000i\000o\000n\000\040\000R\000u\000l\000e\000s}{chapter.17}% 419
\BOOKMARK [2][-]{subsection.17.4.1}{\376\377\000M\000u\000l\000t\000i\000p\000o\000l\000e\000\040\000E\000x\000p\000a\000n\000s\000i\000o\000n\000\040\000o\000f\000\040\000t\000h\000e\000\040\000R\000a\000d\000i\000a\000t\000i\000o\000n\000\040\000F\000i\000e\000l\000d}{section.17.4}% 420
\BOOKMARK [2][-]{subsection.17.4.2}{\376\377\000E\000l\000e\000c\000t\000r\000i\000c\000\040\000a\000n\000d\000\040\000M\000a\000g\000n\000e\000t\000i\000c\000\040\000M\000u\000l\000t\000i\000p\000o\000l\000e\000s}{section.17.4}% 421
\BOOKMARK [2][-]{subsection.17.4.3}{\376\377\000S\000e\000l\000e\000c\000t\000i\000o\000n\000\040\000R\000u\000l\000e\000s\000\040\000v\000i\000a\000\040\000t\000h\000e\000\040\000W\000i\000g\000n\000e\000r\040\023\000E\000c\000k\000a\000r\000t\000\040\000T\000h\000e\000o\000r\000e\000m}{section.17.4}% 422
\BOOKMARK [1][-]{section.17.5}{\376\377\000A\000n\000g\000u\000l\000a\000r\000\040\000M\000o\000m\000e\000n\000t\000u\000m\000\040\000a\000n\000d\000\040\000t\000h\000e\000\040\000H\000a\000r\000m\000o\000n\000i\000c\000\040\000O\000s\000c\000i\000l\000l\000a\000t\000o\000r\000:\000\040\000T\000h\000e\000\040\000J\000o\000r\000d\000a\000n\040\023\000S\000c\000h\000w\000i\000n\000g\000e\000r\000\040\000R\000e\000a\000l\000i\000z\000a\000t\000i\000o\000n}{chapter.17}% 423
\BOOKMARK [2][-]{subsection.17.5.1}{\376\377\000T\000h\000e\000\040\000T\000w\000o\000-\000O\000s\000c\000i\000l\000l\000a\000t\000o\000r\000\040\000R\000e\000p\000r\000e\000s\000e\000n\000t\000a\000t\000i\000o\000n}{section.17.5}% 424
\BOOKMARK [2][-]{subsection.17.5.2}{\376\377\000A\000n\000g\000u\000l\000a\000r\000\040\000M\000o\000m\000e\000n\000t\000u\000m\000\040\000M\000u\000l\000t\000i\000p\000l\000e\000t\000s\000\040\000a\000n\000d\000\040\000R\000a\000i\000s\000i\000n\000g\000/\000L\000o\000w\000e\000r\000i\000n\000g\000\040\000O\000p\000e\000r\000a\000t\000o\000r\000s}{section.17.5}% 425
\BOOKMARK [2][-]{subsection.17.5.3}{\376\377\000E\000v\000a\000l\000u\000a\000t\000i\000o\000n\000\040\000o\000f\000\040\000W\000i\000g\000n\000e\000r\000\040\000d\000-\000M\000a\000t\000r\000i\000c\000e\000s\000\040\000v\000i\000a\000\040\000G\000e\000n\000e\000r\000a\000t\000i\000n\000g\000\040\000F\000u\000n\000c\000t\000i\000o\000n\000s}{section.17.5}% 426
\BOOKMARK [2][-]{subsection.17.5.4}{\376\377\000G\000e\000n\000e\000r\000a\000l\000i\000z\000a\000t\000i\000o\000n\000\040\000t\000o\000\040\000S\000U\000\050\0003\000\051\000\040\000a\000n\000d\000\040\000t\000h\000e\000\040\000Q\000u\000a\000r\000k\000\040\000M\000o\000d\000e\000l}{section.17.5}% 427
\BOOKMARK [1][-]{section.17.6}{\376\377\000P\000r\000o\000b\000l\000e\000m\000s}{chapter.17}% 428
\BOOKMARK [0][-]{chapter.18}{\376\377\000I\000d\000e\000n\000t\000i\000c\000a\000l\000\040\000P\000a\000r\000t\000i\000c\000l\000e\000s}{}% 429
\BOOKMARK [1][-]{section.18.1}{\376\377\000I\000d\000e\000n\000t\000i\000c\000a\000l\000\040\000P\000a\000r\000t\000i\000c\000l\000e\000s\000:\000\040\000I\000n\000d\000i\000s\000t\000i\000n\000g\000u\000i\000s\000h\000a\000b\000i\000l\000i\000t\000y\000\040\000a\000n\000d\000\040\000S\000y\000m\000m\000e\000t\000r\000i\000c\000\040\000O\000b\000s\000e\000r\000v\000a\000b\000l\000e\000s}{chapter.18}% 430
\BOOKMARK [2][-]{subsection.18.1.1}{\376\377\000Q\000u\000a\000n\000t\000u\000m\000\040\000I\000n\000d\000i\000s\000t\000i\000n\000g\000u\000i\000s\000h\000a\000b\000i\000l\000i\000t\000y}{section.18.1}% 431
\BOOKMARK [2][-]{subsection.18.1.2}{\376\377\000T\000h\000e\000\040\000N\000-\000P\000a\000r\000t\000i\000c\000l\000e\000\040\000W\000a\000v\000e\000\040\000F\000u\000n\000c\000t\000i\000o\000n}{section.18.1}% 432
\BOOKMARK [2][-]{subsection.18.1.3}{\376\377\000S\000y\000m\000m\000e\000t\000r\000i\000c\000\040\000O\000b\000s\000e\000r\000v\000a\000b\000l\000e\000s}{section.18.1}% 433
\BOOKMARK [1][-]{section.18.2}{\376\377\000P\000e\000r\000m\000u\000t\000a\000t\000i\000o\000n\000s\000\040\000a\000n\000d\000\040\000S\000y\000m\000m\000e\000t\000r\000y}{chapter.18}% 434
\BOOKMARK [2][-]{subsection.18.2.1}{\376\377\000P\000e\000r\000m\000u\000t\000a\000t\000i\000o\000n\000\040\000O\000p\000e\000r\000a\000t\000o\000r\000s}{section.18.2}% 435
\BOOKMARK [2][-]{subsection.18.2.2}{\376\377\000A\000c\000t\000i\000o\000n\000\040\000o\000n\000\040\000O\000p\000e\000r\000a\000t\000o\000r\000s\000\040\000a\000n\000d\000\040\000E\000x\000c\000h\000a\000n\000g\000e\000\040\000D\000e\000g\000e\000n\000e\000r\000a\000c\000y}{section.18.2}% 436
\BOOKMARK [2][-]{subsection.18.2.3}{\376\377\000T\000w\000o\000-\000P\000a\000r\000t\000i\000c\000l\000e\000\040\000S\000y\000s\000t\000e\000m\000s\000:\000\040\000B\000o\000s\000o\000n\000s\000\040\000a\000n\000d\000\040\000F\000e\000r\000m\000i\000o\000n\000s}{section.18.2}% 437
\BOOKMARK [2][-]{subsection.18.2.4}{\376\377\000T\000h\000e\000\040\000S\000p\000i\000n\000-\000S\000t\000a\000t\000i\000s\000t\000i\000c\000s\000\040\000C\000o\000n\000n\000e\000c\000t\000i\000o\000n\000\040\000a\000n\000d\000\040\000n\000-\000P\000a\000r\000t\000i\000c\000l\000e\000\040\000S\000y\000s\000t\000e\000m\000s}{section.18.2}% 438
\BOOKMARK [2][-]{subsection.18.2.5}{\376\377\000S\000p\000a\000t\000i\000a\000l\000\040\000L\000o\000c\000a\000l\000i\000z\000a\000t\000i\000o\000n\000\040\000a\000n\000d\000\040\000W\000a\000v\000e\000\040\000F\000u\000n\000c\000t\000i\000o\000n\000\040\000O\000v\000e\000r\000l\000a\000p}{section.18.2}% 439
\BOOKMARK [2][-]{subsection.18.2.6}{\376\377\000C\000o\000m\000p\000o\000s\000i\000t\000e\000\040\000P\000a\000r\000t\000i\000c\000l\000e\000s}{section.18.2}% 440
\BOOKMARK [2][-]{subsection.18.2.7}{\376\377\000T\000h\000e\000\040\000P\000a\000u\000l\000i\000\040\000E\000x\000c\000l\000u\000s\000i\000o\000n\000\040\000P\000r\000i\000n\000c\000i\000p\000l\000e\000\040\000a\000n\000d\000\040\000S\000p\000i\000n\000\040\000M\000u\000l\000t\000i\000p\000l\000e\000t\000s}{section.18.2}% 441
\BOOKMARK [1][-]{section.18.3}{\376\377\000S\000t\000a\000t\000e\000s\000\040\000o\000f\000\040\000N\000o\000n\000i\000n\000t\000e\000r\000a\000c\000t\000i\000n\000g\000\040\000I\000d\000e\000n\000t\000i\000c\000a\000l\000\040\000P\000a\000r\000t\000i\000c\000l\000e\000s}{chapter.18}% 442
\BOOKMARK [2][-]{subsection.18.3.1}{\376\377\000T\000h\000e\000\040\000M\000a\000n\000y\000-\000B\000o\000d\000y\000\040\000H\000a\000m\000i\000l\000t\000o\000n\000i\000a\000n\000\040\000a\000n\000d\000\040\000P\000r\000o\000d\000u\000c\000t\000\040\000S\000t\000a\000t\000e\000s}{section.18.3}% 443
\BOOKMARK [2][-]{subsection.18.3.2}{\376\377\000S\000y\000m\000m\000e\000t\000r\000i\000c\000\040\000S\000t\000a\000t\000e\000s\000\040\000f\000o\000r\000\040\000B\000o\000s\000o\000n\000s}{section.18.3}% 444
\BOOKMARK [2][-]{subsection.18.3.3}{\376\377\000A\000n\000t\000i\000s\000y\000m\000m\000e\000t\000r\000i\000c\000\040\000S\000t\000a\000t\000e\000s\000\040\000f\000o\000r\000\040\000F\000e\000r\000m\000i\000o\000n\000s\000:\000\040\000T\000h\000e\000\040\000S\000l\000a\000t\000e\000r\000\040\000D\000e\000t\000e\000r\000m\000i\000n\000a\000n\000t}{section.18.3}% 445
\BOOKMARK [2][-]{subsection.18.3.4}{\376\377\000T\000w\000o\000-\000P\000a\000r\000t\000i\000c\000l\000e\000\040\000I\000l\000l\000u\000s\000t\000r\000a\000t\000i\000v\000e\000\040\000E\000x\000a\000m\000p\000l\000e}{section.18.3}% 446
\BOOKMARK [2][-]{subsection.18.3.5}{\376\377\000G\000r\000o\000u\000n\000d\000\040\000S\000t\000a\000t\000e\000\040\000S\000t\000r\000u\000c\000t\000u\000r\000e\000:\000\040\000M\000a\000c\000r\000o\000s\000c\000o\000p\000i\000c\000\040\000C\000o\000n\000d\000e\000n\000s\000a\000t\000i\000o\000n\000\040\000v\000s\000.\000\040\000F\000e\000r\000m\000i\000\040\000S\000e\000a}{section.18.3}% 447
\BOOKMARK [1][-]{section.18.4}{\376\377\000S\000c\000a\000t\000t\000e\000r\000i\000n\000g\000\040\000o\000f\000\040\000I\000d\000e\000n\000t\000i\000c\000a\000l\000\040\000P\000a\000r\000t\000i\000c\000l\000e\000s}{chapter.18}% 448
\BOOKMARK [2][-]{subsection.18.4.1}{\376\377\000S\000c\000a\000t\000t\000e\000r\000i\000n\000g\000\040\000o\000f\000\040\000S\000p\000i\000n\000l\000e\000s\000s\000\040\000B\000o\000s\000o\000n\000s}{section.18.4}% 449
\BOOKMARK [2][-]{subsection.18.4.2}{\376\377\000S\000c\000a\000t\000t\000e\000r\000i\000n\000g\000\040\000o\000f\000\040\000S\000p\000i\000n\000-\0001\000/\0002\000\040\000F\000e\000r\000m\000i\000o\000n\000s}{section.18.4}% 450
\BOOKMARK [2][-]{subsection.18.4.3}{\376\377\000E\000x\000c\000h\000a\000n\000g\000e\000\040\000E\000f\000f\000e\000c\000t\000s\000\040\000i\000n\000\040\000C\000o\000l\000l\000i\000s\000i\000o\000n\000s\000\040\000o\000f\000\040\000C\000o\000m\000p\000o\000s\000i\000t\000e\000\040\000P\000a\000r\000t\000i\000c\000l\000e\000s}{section.18.4}% 451
\BOOKMARK [2][-]{subsection.18.4.4}{\376\377\000H\000o\000m\000o\000n\000u\000c\000l\000e\000a\000r\000\040\000D\000i\000a\000t\000o\000m\000i\000c\000\040\000M\000o\000l\000e\000c\000u\000l\000e\000s\000:\000\040\000R\000o\000t\000a\000t\000i\000o\000n\000a\000l\000\040\000S\000p\000e\000c\000t\000r\000a}{section.18.4}% 452
\BOOKMARK [2][-]{subsection.18.4.5}{\376\377\000T\000h\000r\000e\000e\000-\000F\000e\000r\000m\000i\000o\000n\000\040\000S\000y\000s\000t\000e\000m\000s\000\040\000a\000n\000d\000\040\000M\000i\000x\000e\000d\000\040\000S\000y\000m\000m\000e\000t\000r\000y}{section.18.4}% 453
\BOOKMARK [1][-]{section.18.5}{\376\377\000I\000d\000e\000n\000t\000i\000t\000y\000\040\000a\000n\000d\000\040\000I\000s\000o\000t\000o\000p\000i\000c\000\040\000S\000p\000i\000n}{chapter.18}% 454
\BOOKMARK [2][-]{subsection.18.5.1}{\376\377\000T\000h\000e\000\040\000G\000e\000n\000e\000r\000a\000l\000i\000z\000e\000d\000\040\000P\000a\000u\000l\000i\000\040\000P\000r\000i\000n\000c\000i\000p\000l\000e\000\040\000f\000o\000r\000\040\000N\000u\000c\000l\000e\000o\000n\000s}{section.18.5}% 455
\BOOKMARK [2][-]{subsection.18.5.2}{\376\377\000T\000w\000o\000-\000N\000u\000c\000l\000e\000o\000n\000\040\000S\000y\000s\000t\000e\000m\000s}{section.18.5}% 456
\BOOKMARK [2][-]{subsection.18.5.3}{\376\377\000T\000h\000e\000\040\000S\000t\000r\000u\000c\000t\000u\000r\000e\000\040\000o\000f\000\040\000t\000h\000e\000\040\000D\000e\000u\000t\000e\000r\000o\000n}{section.18.5}% 457
\BOOKMARK [2][-]{subsection.18.5.4}{\376\377\000I\000d\000e\000n\000t\000i\000c\000a\000l\000\040\000B\000o\000s\000o\000n\000s\000\040\000a\000n\000d\000\040\000P\000i\000o\000n\000s}{section.18.5}% 458
\BOOKMARK [1][-]{section.18.6}{\376\377\000P\000r\000o\000b\000l\000e\000m\000s}{chapter.18}% 459
\BOOKMARK [0][-]{chapter.19}{\376\377\000S\000e\000c\000o\000n\000d\000\040\000Q\000u\000a\000n\000t\000i\000z\000a\000t\000i\000o\000n}{}% 460
\BOOKMARK [1][-]{section.19.1}{\376\377\000S\000e\000c\000o\000n\000d\000\040\000Q\000u\000a\000n\000t\000i\000z\000a\000t\000i\000o\000n\000:\000\040\000I\000n\000t\000r\000o\000d\000u\000c\000t\000i\000o\000n}{chapter.19}% 461
\BOOKMARK [1][-]{section.19.2}{\376\377\000C\000r\000e\000a\000t\000i\000o\000n\000\040\000a\000n\000d\000\040\000A\000n\000n\000i\000h\000i\000l\000a\000t\000i\000o\000n\000\040\000O\000p\000e\000r\000a\000t\000o\000r\000s}{chapter.19}% 462
\BOOKMARK [2][-]{subsection.19.2.1}{\376\377\000S\000i\000n\000g\000l\000e\000-\000L\000e\000v\000e\000l\000\040\000S\000y\000s\000t\000e\000m\000s}{section.19.2}% 463
\BOOKMARK [2][-]{subsection.19.2.2}{\376\377\000T\000w\000o\000-\000L\000e\000v\000e\000l\000\040\000S\000y\000s\000t\000e\000m\000s\000\040\000a\000n\000d\000\040\000P\000e\000r\000m\000u\000t\000a\000t\000i\000o\000n\000\040\000P\000a\000r\000i\000t\000y}{section.19.2}% 464
\BOOKMARK [2][-]{subsection.19.2.3}{\376\377\000G\000e\000n\000e\000r\000a\000l\000\040\000D\000i\000s\000c\000r\000e\000t\000e\000\040\000B\000a\000s\000i\000s\000\040\000i\000n\000\040\000F\000o\000c\000k\000\040\000S\000p\000a\000c\000e}{section.19.2}% 465
\BOOKMARK [2][-]{subsection.19.2.4}{\376\377\000F\000i\000e\000l\000d\000\040\000O\000p\000e\000r\000a\000t\000o\000r\000s\000\040\000i\000n\000\040\000C\000o\000n\000t\000i\000n\000u\000o\000u\000s\000\040\000S\000p\000a\000c\000e}{section.19.2}% 466
\BOOKMARK [2][-]{subsection.19.2.5}{\376\377\000C\000o\000n\000f\000i\000g\000u\000r\000a\000t\000i\000o\000n\000-\000S\000p\000a\000c\000e\000\040\000S\000t\000a\000t\000e\000s\000\040\000a\000n\000d\000\040\000C\000o\000m\000p\000l\000e\000t\000e\000n\000e\000s\000s}{section.19.2}% 467
\BOOKMARK [1][-]{section.19.3}{\376\377\000S\000e\000c\000o\000n\000d\000-\000Q\000u\000a\000n\000t\000i\000z\000e\000d\000\040\000O\000p\000e\000r\000a\000t\000o\000r\000s}{chapter.19}% 468
\BOOKMARK [2][-]{subsection.19.3.1}{\376\377\000O\000n\000e\000-\000B\000o\000d\000y\000\040\000O\000p\000e\000r\000a\000t\000o\000r\000s\000:\000\040\000D\000e\000n\000s\000i\000t\000y\000\040\000a\000n\000d\000\040\000P\000a\000r\000t\000i\000c\000l\000e\000\040\000N\000u\000m\000b\000e\000r}{section.19.3}% 469
\BOOKMARK [2][-]{subsection.19.3.2}{\376\377\000K\000i\000n\000e\000t\000i\000c\000\040\000E\000n\000e\000r\000g\000y\000\040\000a\000n\000d\000\040\000C\000u\000r\000r\000e\000n\000t\000\040\000D\000e\000n\000s\000i\000t\000y}{section.19.3}% 470
\BOOKMARK [2][-]{subsection.19.3.3}{\376\377\000G\000r\000o\000u\000n\000d\000\040\000S\000t\000a\000t\000e\000\040\000o\000f\000\040\000t\000h\000e\000\040\000N\000o\000n\000i\000n\000t\000e\000r\000a\000c\000t\000i\000n\000g\000\040\000F\000e\000r\000m\000i\000\040\000G\000a\000s}{section.19.3}% 471
\BOOKMARK [2][-]{subsection.19.3.4}{\376\377\000T\000h\000e\000\040\000O\000n\000e\000-\000P\000a\000r\000t\000i\000c\000l\000e\000\040\000D\000e\000n\000s\000i\000t\000y\000\040\000M\000a\000t\000r\000i\000x}{section.19.3}% 472
\BOOKMARK [1][-]{section.19.4}{\376\377\000P\000a\000i\000r\000\040\000C\000o\000r\000r\000e\000l\000a\000t\000i\000o\000n\000\040\000F\000u\000n\000c\000t\000i\000o\000n\000s}{chapter.19}% 473
\BOOKMARK [2][-]{subsection.19.4.1}{\376\377\000D\000e\000f\000i\000n\000i\000t\000i\000o\000n\000\040\000o\000f\000\040\000t\000h\000e\000\040\000P\000a\000i\000r\000\040\000C\000o\000r\000r\000e\000l\000a\000t\000i\000o\000n\000\040\000F\000u\000n\000c\000t\000i\000o\000n}{section.19.4}% 474
\BOOKMARK [2][-]{subsection.19.4.2}{\376\377\000P\000a\000i\000r\000\040\000C\000o\000r\000r\000e\000l\000a\000t\000i\000o\000n\000s\000\040\000i\000n\000\040\000t\000h\000e\000\040\000I\000d\000e\000a\000l\000\040\000F\000e\000r\000m\000i\000\040\000G\000a\000s}{section.19.4}% 475
\BOOKMARK [2][-]{subsection.19.4.3}{\376\377\000H\000a\000r\000t\000r\000e\000e\040\023\000F\000o\000c\000k\000\040\000F\000a\000c\000t\000o\000r\000i\000z\000a\000t\000i\000o\000n\000\040\000\050\000W\000i\000c\000k\000'\000s\000\040\000T\000h\000e\000o\000r\000e\000m\000\051}{section.19.4}% 476
\BOOKMARK [2][-]{subsection.19.4.4}{\376\377\000P\000a\000i\000r\000\040\000C\000o\000r\000r\000e\000l\000a\000t\000i\000o\000n\000s\000\040\000f\000o\000r\000\040\000B\000o\000s\000o\000n\000s\000:\000\040\000B\000o\000s\000e\000\040\000B\000u\000n\000c\000h\000i\000n\000g}{section.19.4}% 477
\BOOKMARK [1][-]{section.19.5}{\376\377\000T\000h\000e\000\040\000H\000a\000n\000b\000u\000r\000y\000\040\000B\000r\000o\000w\000n\000\040\000a\000n\000d\000\040\000T\000w\000i\000s\000s\000\040\000E\000x\000p\000e\000r\000i\000m\000e\000n\000t}{chapter.19}% 478
\BOOKMARK [2][-]{subsection.19.5.1}{\376\377\000E\000x\000p\000e\000r\000i\000m\000e\000n\000t\000a\000l\000\040\000C\000o\000n\000f\000i\000g\000u\000r\000a\000t\000i\000o\000n}{section.19.5}% 479
\BOOKMARK [2][-]{subsection.19.5.2}{\376\377\000C\000l\000a\000s\000s\000i\000c\000a\000l\000\040\000W\000a\000v\000e\000\040\000O\000p\000t\000i\000c\000s\000\040\000I\000n\000t\000e\000r\000p\000r\000e\000t\000a\000t\000i\000o\000n}{section.19.5}% 480
\BOOKMARK [2][-]{subsection.19.5.3}{\376\377\000Q\000u\000a\000n\000t\000u\000m\000\040\000T\000w\000o\000-\000P\000h\000o\000t\000o\000n\000\040\000I\000n\000t\000e\000r\000f\000e\000r\000e\000n\000c\000e\000\040\000I\000n\000t\000e\000r\000p\000r\000e\000t\000a\000t\000i\000o\000n}{section.19.5}% 481
\BOOKMARK [2][-]{subsection.19.5.4}{\376\377\000T\000h\000e\000\040\000F\000e\000r\000m\000i\000o\000n\000i\000c\000\040\000A\000n\000a\000l\000o\000g\000u\000e\000:\000\040\000A\000n\000t\000i\000b\000u\000n\000c\000h\000i\000n\000g}{section.19.5}% 482
\BOOKMARK [1][-]{section.19.6}{\376\377\000T\000h\000e\000\040\000M\000a\000n\000y\000-\000B\000o\000d\000y\000\040\000H\000a\000m\000i\000l\000t\000o\000n\000i\000a\000n}{chapter.19}% 483
\BOOKMARK [2][-]{subsection.19.6.1}{\376\377\000T\000h\000e\000\040\000T\000w\000o\000-\000B\000o\000d\000y\000\040\000I\000n\000t\000e\000r\000a\000c\000t\000i\000o\000n\000\040\000O\000p\000e\000r\000a\000t\000o\000r}{section.19.6}% 484
\BOOKMARK [2][-]{subsection.19.6.2}{\376\377\000G\000r\000o\000u\000n\000d\000\040\000S\000t\000a\000t\000e\000\040\000E\000n\000e\000r\000g\000y\000\040\000o\000f\000\040\000t\000h\000e\000\040\000I\000n\000t\000e\000r\000a\000c\000t\000i\000n\000g\000\040\000F\000e\000r\000m\000i\000\040\000G\000a\000s}{section.19.6}% 485
\BOOKMARK [2][-]{subsection.19.6.3}{\376\377\000T\000h\000e\000\040\000E\000l\000e\000c\000t\000r\000o\000n\000\040\000G\000a\000s\000\040\000i\000n\000\040\000t\000h\000e\000\040\000J\000e\000l\000l\000i\000u\000m\000\040\000M\000o\000d\000e\000l}{section.19.6}% 486
\BOOKMARK [2][-]{subsection.19.6.4}{\376\377\000I\000n\000t\000e\000r\000a\000c\000t\000i\000o\000n\000\040\000H\000a\000m\000i\000l\000t\000o\000n\000i\000a\000n\000\040\000i\000n\000\040\000M\000o\000m\000e\000n\000t\000u\000m\000\040\000S\000p\000a\000c\000e}{section.19.6}% 487
\BOOKMARK [2][-]{subsection.19.6.5}{\376\377\000H\000e\000i\000s\000e\000n\000b\000e\000r\000g\000\040\000E\000q\000u\000a\000t\000i\000o\000n\000s\000\040\000o\000f\000\040\000M\000o\000t\000i\000o\000n\000\040\000f\000o\000r\000\040\000F\000i\000e\000l\000d\000\040\000O\000p\000e\000r\000a\000t\000o\000r\000s}{section.19.6}% 488
\BOOKMARK [1][-]{section.19.7}{\376\377\000P\000r\000o\000b\000l\000e\000m\000s}{chapter.19}% 489
\BOOKMARK [0][-]{chapter.20}{\376\377\000A\000t\000o\000m\000s}{}% 490
\BOOKMARK [1][-]{section.20.1}{\376\377\000A\000t\000o\000m\000s}{chapter.20}% 491
\BOOKMARK [1][-]{section.20.2}{\376\377\000T\000w\000o\000-\000E\000l\000e\000c\000t\000r\000o\000n\000\040\000A\000t\000o\000m\000s}{chapter.20}% 492
\BOOKMARK [2][-]{subsection.20.2.1}{\376\377\000F\000i\000r\000s\000t\000-\000O\000r\000d\000e\000r\000\040\000P\000e\000r\000t\000u\000r\000b\000a\000t\000i\000o\000n\000\040\000T\000h\000e\000o\000r\000y}{section.20.2}% 493
\BOOKMARK [2][-]{subsection.20.2.2}{\376\377\000V\000a\000r\000i\000a\000t\000i\000o\000n\000a\000l\000\040\000M\000e\000t\000h\000o\000d\000\040\000a\000n\000d\000\040\000S\000c\000r\000e\000e\000n\000i\000n\000g}{section.20.2}% 494
\BOOKMARK [1][-]{section.20.3}{\376\377\000T\000h\000e\000\040\000H\000a\000r\000t\000r\000e\000e\000\040\000A\000p\000p\000r\000o\000x\000i\000m\000a\000t\000i\000o\000n}{chapter.20}% 495
\BOOKMARK [2][-]{subsection.20.3.1}{\376\377\000T\000h\000e\000\040\000H\000a\000r\000t\000r\000e\000e\000\040\000P\000r\000o\000d\000u\000c\000t\000\040\000a\000n\000d\000\040\000S\000e\000l\000f\000-\000C\000o\000n\000s\000i\000s\000t\000e\000n\000t\000\040\000F\000i\000e\000l\000d}{section.20.3}% 496
\BOOKMARK [2][-]{subsection.20.3.2}{\376\377\000C\000e\000n\000t\000r\000a\000l\000-\000F\000i\000e\000l\000d\000\040\000A\000p\000p\000r\000o\000x\000i\000m\000a\000t\000i\000o\000n\000\040\000a\000n\000d\000\040\000T\000o\000t\000a\000l\000\040\000E\000n\000e\000r\000g\000y}{section.20.3}% 497
\BOOKMARK [1][-]{section.20.4}{\376\377\000T\000h\000e\000\040\000T\000h\000o\000m\000a\000s\000-\000F\000e\000r\000m\000i\000\040\000A\000p\000p\000r\000o\000x\000i\000m\000a\000t\000i\000o\000n}{chapter.20}% 498
\BOOKMARK [2][-]{subsection.20.4.1}{\376\377\000S\000e\000m\000i\000c\000l\000a\000s\000s\000i\000c\000a\000l\000\040\000L\000o\000c\000a\000l\000\040\000F\000e\000r\000m\000i\000\040\000G\000a\000s\000\040\000F\000o\000r\000m\000u\000l\000a\000t\000i\000o\000n}{section.20.4}% 499
\BOOKMARK [2][-]{subsection.20.4.2}{\376\377\000T\000h\000e\000\040\000T\000h\000o\000m\000a\000s\000-\000F\000e\000r\000m\000i\000\040\000E\000q\000u\000a\000t\000i\000o\000n}{section.20.4}% 500
\BOOKMARK [2][-]{subsection.20.4.3}{\376\377\000P\000h\000y\000s\000i\000c\000a\000l\000\040\000I\000m\000p\000l\000i\000c\000a\000t\000i\000o\000n\000s\000\040\000a\000n\000d\000\040\000L\000i\000m\000i\000t\000a\000t\000i\000o\000n\000s}{section.20.4}% 501
\BOOKMARK [1][-]{section.20.5}{\376\377\000T\000h\000e\000\040\000H\000a\000r\000t\000r\000e\000e\000-\000F\000o\000c\000k\000\040\000A\000p\000p\000r\000o\000x\000i\000m\000a\000t\000i\000o\000n}{chapter.20}% 502
\BOOKMARK [2][-]{subsection.20.5.1}{\376\377\000T\000o\000t\000a\000l\000\040\000E\000n\000e\000r\000g\000y\000\040\000a\000n\000d\000\040\000t\000h\000e\000\040\000E\000x\000c\000h\000a\000n\000g\000e\000\040\000I\000n\000t\000e\000r\000a\000c\000t\000i\000o\000n}{section.20.5}% 503
\BOOKMARK [2][-]{subsection.20.5.2}{\376\377\000T\000h\000e\000\040\000H\000a\000r\000t\000r\000e\000e\000-\000F\000o\000c\000k\000\040\000E\000q\000u\000a\000t\000i\000o\000n\000s\000\040\000a\000n\000d\000\040\000K\000o\000o\000p\000m\000a\000n\000s\000'\000\040\000T\000h\000e\000o\000r\000e\000m}{section.20.5}% 504
\BOOKMARK [2][-]{subsection.20.5.3}{\376\377\000S\000h\000e\000l\000l\000\040\000S\000t\000r\000u\000c\000t\000u\000r\000e\000\040\000a\000n\000d\000\040\000E\000l\000e\000c\000t\000r\000o\000n\000\040\000C\000o\000n\000f\000i\000g\000u\000r\000a\000t\000i\000o\000n\000s}{section.20.5}% 505
\BOOKMARK [2][-]{subsection.20.5.4}{\376\377\000T\000h\000e\000\040\000A\000u\000f\000b\000a\000u\000\040\000P\000r\000i\000n\000c\000i\000p\000l\000e\000\040\000A\000c\000r\000o\000s\000s\000\040\000t\000h\000e\000\040\000R\000o\000w\000s}{section.20.5}% 506
\BOOKMARK [1][-]{section.20.6}{\376\377\000T\000h\000e\000\040\000P\000e\000r\000i\000o\000d\000i\000c\000\040\000T\000a\000b\000l\000e\000\040\000a\000n\000d\000\040\000C\000h\000e\000m\000i\000c\000a\000l\000\040\000P\000e\000r\000i\000o\000d\000i\000c\000i\000t\000y}{chapter.20}% 507
\BOOKMARK [2][-]{subsection.20.6.1}{\376\377\000N\000o\000b\000l\000e\000\040\000G\000a\000s\000e\000s\000\040\000\050\000I\000n\000e\000r\000t\000\040\000G\000a\000s\000e\000s\000\051}{section.20.6}% 508
\BOOKMARK [2][-]{subsection.20.6.2}{\376\377\000A\000l\000k\000a\000l\000i\000\040\000M\000e\000t\000a\000l\000s}{section.20.6}% 509
\BOOKMARK [2][-]{subsection.20.6.3}{\376\377\000H\000a\000l\000o\000g\000e\000n\000s}{section.20.6}% 510
\BOOKMARK [1][-]{section.20.7}{\376\377\000S\000p\000l\000i\000t\000t\000i\000n\000g\000\040\000o\000f\000\040\000C\000o\000n\000f\000i\000g\000u\000r\000a\000t\000i\000o\000n\000s\000\040\000a\000n\000d\000\040\000L\000S\000\040\000C\000o\000u\000p\000l\000i\000n\000g}{chapter.20}% 511
\BOOKMARK [2][-]{subsection.20.7.1}{\376\377\000R\000u\000s\000s\000e\000l\000l\000-\000S\000a\000u\000n\000d\000e\000r\000s\000\040\000\050\000L\000S\000\051\000\040\000C\000o\000u\000p\000l\000i\000n\000g}{section.20.7}% 512
\BOOKMARK [2][-]{subsection.20.7.2}{\376\377\000C\000l\000a\000s\000s\000i\000f\000i\000c\000a\000t\000i\000o\000n\000\040\000o\000f\000\040\000T\000e\000r\000m\000s\000\040\000f\000o\000r\000\040\000E\000q\000u\000i\000v\000a\000l\000e\000n\000t\000\040\000E\000l\000e\000c\000t\000r\000o\000n\000s}{section.20.7}% 513
\BOOKMARK [2][-]{subsection.20.7.3}{\376\377\000H\000u\000n\000d\000'\000s\000\040\000R\000u\000l\000e\000s}{section.20.7}% 514
\BOOKMARK [2][-]{subsection.20.7.4}{\376\377\000G\000r\000o\000u\000n\000d\000-\000S\000t\000a\000t\000e\000\040\000D\000e\000t\000e\000r\000m\000i\000n\000a\000t\000i\000o\000n\000s\000\040\000A\000c\000r\000o\000s\000s\000\040\000t\000h\000e\000\040\0002\000p\000\040\000S\000h\000e\000l\000l}{section.20.7}% 515
\BOOKMARK [2][-]{subsection.20.7.5}{\376\377\000M\000u\000l\000t\000i\000d\000e\000t\000e\000r\000m\000i\000n\000a\000n\000t\000\040\000R\000e\000p\000r\000e\000s\000e\000n\000t\000a\000t\000i\000o\000n\000\040\000o\000f\000\040\000T\000e\000r\000m\000s}{section.20.7}% 516
\BOOKMARK [1][-]{section.20.8}{\376\377\000S\000p\000i\000n\000-\000O\000r\000b\000i\000t\000\040\000I\000n\000t\000e\000r\000a\000c\000t\000i\000o\000n\000\040\000a\000n\000d\000\040\000L\000a\000n\000d\000\351\000'\000s\000\040\000I\000n\000t\000e\000r\000v\000a\000l\000\040\000R\000u\000l\000e}{chapter.20}% 517
\BOOKMARK [2][-]{subsection.20.8.1}{\376\377\000E\000f\000f\000e\000c\000t\000i\000v\000e\000\040\000H\000a\000m\000i\000l\000t\000o\000n\000i\000a\000n\000\040\000v\000i\000a\000\040\000t\000h\000e\000\040\000W\000i\000g\000n\000e\000r\000-\000E\000c\000k\000a\000r\000t\000\040\000T\000h\000e\000o\000r\000e\000m}{section.20.8}% 518
\BOOKMARK [2][-]{subsection.20.8.2}{\376\377\000F\000i\000n\000e\000-\000S\000t\000r\000u\000c\000t\000u\000r\000e\000\040\000S\000p\000l\000i\000t\000t\000i\000n\000g\000\040\000a\000n\000d\000\040\000L\000a\000n\000d\000\351\000'\000s\000\040\000I\000n\000t\000e\000r\000v\000a\000l\000\040\000R\000u\000l\000e}{section.20.8}% 519
\BOOKMARK [1][-]{section.20.9}{\376\377\000S\000p\000i\000n\000-\000O\000r\000b\000i\000t\000\040\000S\000p\000l\000i\000t\000t\000i\000n\000g\000\040\000i\000n\000\040\000t\000h\000e\000\040\000H\000a\000r\000t\000r\000e\000e\000-\000F\000o\000c\000k\000\040\000A\000p\000p\000r\000o\000x\000i\000m\000a\000t\000i\000o\000n}{chapter.20}% 520
\BOOKMARK [2][-]{subsection.20.9.1}{\376\377\000C\000e\000n\000t\000r\000a\000l\000-\000F\000i\000e\000l\000d\000\040\000S\000p\000i\000n\000-\000O\000r\000b\000i\000t\000\040\000O\000p\000e\000r\000a\000t\000o\000r}{section.20.9}% 521
\BOOKMARK [2][-]{subsection.20.9.2}{\376\377\000M\000a\000t\000r\000i\000x\000\040\000E\000l\000e\000m\000e\000n\000t\000s\000\040\000w\000i\000t\000h\000i\000n\000\040\000a\000n\000\040\000L\000S\000\040\000M\000u\000l\000t\000i\000p\000l\000e\000t}{section.20.9}% 522
\BOOKMARK [2][-]{subsection.20.9.3}{\376\377\000R\000e\000g\000u\000l\000a\000r\000\040\000v\000s\000.\000\040\000I\000n\000v\000e\000r\000t\000e\000d\000\040\000M\000u\000l\000t\000i\000p\000l\000e\000t\000s}{section.20.9}% 523
\BOOKMARK [2][-]{subsection.20.9.4}{\376\377\000M\000a\000g\000n\000i\000t\000u\000d\000e\000\040\000a\000n\000d\000\040\000t\000h\000e\000\040\000T\000r\000a\000n\000s\000i\000t\000i\000o\000n\000\040\000t\000o\000\040\000j\000j\000-\000C\000o\000u\000p\000l\000i\000n\000g}{section.20.9}% 524
\BOOKMARK [1][-]{section.20.10}{\376\377\000T\000h\000e\000\040\000Z\000e\000e\000m\000a\000n\000\040\000E\000f\000f\000e\000c\000t\000\040\000a\000n\000d\000\040\000t\000h\000e\000\040\000P\000a\000s\000c\000h\000e\000n\000-\000B\000a\000c\000k\000\040\000E\000f\000f\000e\000c\000t}{chapter.20}% 525
\BOOKMARK [2][-]{subsection.20.10.1}{\376\377\000W\000e\000a\000k\000-\000F\000i\000e\000l\000d\000\040\000Z\000e\000e\000m\000a\000n\000\040\000E\000f\000f\000e\000c\000t\000\040\000a\000n\000d\000\040\000t\000h\000e\000\040\000L\000a\000n\000d\000\351\000\040\000g\000-\000F\000a\000c\000t\000o\000r}{section.20.10}% 526
\BOOKMARK [2][-]{subsection.20.10.2}{\376\377\000S\000t\000r\000o\000n\000g\000-\000F\000i\000e\000l\000d\000\040\000R\000e\000g\000i\000m\000e\000:\000\040\000T\000h\000e\000\040\000P\000a\000s\000c\000h\000e\000n\000-\000B\000a\000c\000k\000\040\000E\000f\000f\000e\000c\000t}{section.20.10}% 527
\BOOKMARK [2][-]{subsection.20.10.3}{\376\377\000I\000n\000t\000e\000r\000m\000e\000d\000i\000a\000t\000e\000\040\000a\000n\000d\000\040\000U\000l\000t\000r\000a\000-\000S\000t\000r\000o\000n\000g\000\040\000F\000i\000e\000l\000d\000s}{section.20.10}% 528
\BOOKMARK [1][-]{section.20.11}{\376\377\000P\000r\000o\000b\000l\000e\000m\000s}{chapter.20}% 529
\BOOKMARK [0][-]{chapter.21}{\376\377\000M\000o\000l\000e\000c\000u\000l\000e\000s}{}% 530
\BOOKMARK [1][-]{section.21.1}{\376\377\000M\000o\000l\000e\000c\000u\000l\000e\000s\000:\000\040\000E\000n\000e\000r\000g\000y\000\040\000H\000i\000e\000r\000a\000r\000c\000h\000y\000\040\000a\000n\000d\000\040\000S\000e\000p\000a\000r\000a\000t\000i\000o\000n\000\040\000o\000f\000\040\000S\000c\000a\000l\000e\000s}{chapter.21}% 531
\BOOKMARK [2][-]{subsection.21.1.1}{\376\377\000H\000i\000e\000r\000a\000r\000c\000h\000y\000\040\000o\000f\000\040\000M\000o\000l\000e\000c\000u\000l\000a\000r\000\040\000E\000n\000e\000r\000g\000y\000\040\000S\000c\000a\000l\000e\000s}{section.21.1}% 532
\BOOKMARK [2][-]{subsection.21.1.2}{\376\377\000R\000o\000t\000a\000t\000i\000o\000n\000a\000l\000\040\000D\000e\000g\000r\000e\000e\000s\000\040\000o\000f\000\040\000F\000r\000e\000e\000d\000o\000m}{section.21.1}% 533
\BOOKMARK [2][-]{subsection.21.1.3}{\376\377\000S\000u\000m\000m\000a\000r\000y\000\040\000o\000f\000\040\000M\000o\000l\000e\000c\000u\000l\000a\000r\000\040\000S\000c\000a\000l\000e\000s}{section.21.1}% 534
\BOOKMARK [1][-]{section.21.2}{\376\377\000T\000h\000e\000\040\000B\000o\000r\000n\000-\000O\000p\000p\000e\000n\000h\000e\000i\000m\000e\000r\000\040\000M\000e\000t\000h\000o\000d\000\040\000a\000n\000d\000\040\000t\000h\000e\000\040\000H\0002\000+\000\040\000M\000o\000l\000e\000c\000u\000l\000a\000r\000\040\000I\000o\000n}{chapter.21}% 535
\BOOKMARK [2][-]{subsection.21.2.1}{\376\377\000T\000h\000e\000\040\000A\000d\000i\000a\000b\000a\000t\000i\000c\000\040\000D\000e\000c\000o\000m\000p\000o\000s\000i\000t\000i\000o\000n}{section.21.2}% 536
\BOOKMARK [2][-]{subsection.21.2.2}{\376\377\000V\000a\000l\000i\000d\000i\000t\000y\000\040\000o\000f\000\040\000t\000h\000e\000\040\000B\000o\000r\000n\000-\000O\000p\000p\000e\000n\000h\000e\000i\000m\000e\000r\000\040\000A\000p\000p\000r\000o\000x\000i\000m\000a\000t\000i\000o\000n}{section.21.2}% 537
\BOOKMARK [2][-]{subsection.21.2.3}{\376\377\000T\000h\000e\000\040\000H\0002\000+\000\040\000I\000o\000n\000:\000\040\000M\000o\000l\000e\000c\000u\000l\000a\000r\000\040\000O\000r\000b\000i\000t\000a\000l\000s\000\040\000a\000n\000d\000\040\000L\000C\000A\000O\000\040\000A\000p\000p\000r\000o\000x\000i\000m\000a\000t\000i\000o\000n}{section.21.2}% 538
\BOOKMARK [2][-]{subsection.21.2.4}{\376\377\000B\000o\000n\000d\000i\000n\000g\000\040\000V\000e\000r\000s\000u\000s\000\040\000A\000n\000t\000i\000b\000o\000n\000d\000i\000n\000g\000\040\000O\000r\000b\000i\000t\000a\000l\000s}{section.21.2}% 539
\BOOKMARK [2][-]{subsection.21.2.5}{\376\377\000A\000s\000y\000m\000p\000t\000o\000t\000i\000c\000\040\000L\000i\000m\000i\000t\000s\000\040\000a\000n\000d\000\040\000U\000n\000i\000t\000e\000d\000-\000A\000t\000o\000m\000\040\000B\000e\000h\000a\000v\000i\000o\000r}{section.21.2}% 540
\BOOKMARK [2][-]{subsection.21.2.6}{\376\377\000M\000u\000o\000n\000-\000C\000a\000t\000a\000l\000y\000z\000e\000d\000\040\000F\000u\000s\000i\000o\000n}{section.21.2}% 541
\BOOKMARK [1][-]{section.21.3}{\376\377\000T\000h\000e\000\040\000N\000e\000u\000t\000r\000a\000l\000\040\000H\000y\000d\000r\000o\000g\000e\000n\000\040\000M\000o\000l\000e\000c\000u\000l\000e\000\040\000H\0002}{chapter.21}% 542
\BOOKMARK [2][-]{subsection.21.3.1}{\376\377\000M\000o\000l\000e\000c\000u\000l\000a\000r\000\040\000O\000r\000b\000i\000t\000a\000l\000\040\000V\000e\000r\000s\000u\000s\000\040\000V\000a\000l\000e\000n\000c\000e\000\040\000B\000o\000n\000d\000\040\000F\000o\000r\000m\000u\000l\000a\000t\000i\000o\000n\000s}{section.21.3}% 543
\BOOKMARK [2][-]{subsection.21.3.2}{\376\377\000E\000v\000a\000l\000u\000a\000t\000i\000o\000n\000\040\000o\000f\000\040\000t\000h\000e\000\040\000H\000e\000i\000t\000l\000e\000r\000-\000L\000o\000n\000d\000o\000n\000\040\000E\000n\000e\000r\000g\000y\000\040\000C\000u\000r\000v\000e\000s}{section.21.3}% 544
\BOOKMARK [2][-]{subsection.21.3.3}{\376\377\000P\000h\000y\000s\000i\000c\000a\000l\000\040\000M\000e\000c\000h\000a\000n\000i\000s\000m\000\040\000o\000f\000\040\000C\000h\000e\000m\000i\000c\000a\000l\000\040\000B\000i\000n\000d\000i\000n\000g}{section.21.3}% 545
\BOOKMARK [2][-]{subsection.21.3.4}{\376\377\000L\000i\000m\000i\000t\000i\000n\000g\000\040\000B\000e\000h\000a\000v\000i\000o\000r\000s\000:\000\040\000U\000n\000i\000t\000e\000d\000\040\000A\000t\000o\000m\000\040\000a\000n\000d\000\040\000V\000a\000n\000\040\000d\000e\000r\000\040\000W\000a\000a\000l\000s\000\040\000D\000i\000s\000p\000e\000r\000s\000i\000o\000n}{section.21.3}% 546
\BOOKMARK [1][-]{section.21.4}{\376\377\000P\000a\000i\000r\000i\000n\000g\000\040\000o\000f\000\040\000E\000l\000e\000c\000t\000r\000o\000n\000s\000,\000\040\000S\000a\000t\000u\000r\000a\000t\000i\000o\000n\000\040\000o\000f\000\040\000C\000o\000v\000a\000l\000e\000n\000t\000\040\000B\000o\000n\000d\000s\000,\000\040\000a\000n\000d\000\040\000C\000l\000o\000s\000e\000d\000-\000S\000h\000e\000l\000l\000\040\000R\000e\000p\000u\000l\000s\000i\000o\000n}{chapter.21}% 547
\BOOKMARK [2][-]{subsection.21.4.1}{\376\377\000W\000h\000y\000\040\000H\000e\000l\000i\000u\000m\000\040\000a\000n\000d\000\040\000H\000y\000d\000r\000o\000g\000e\000n\000\040\000D\000o\000\040\000N\000o\000t\000\040\000F\000o\000r\000m\000\040\000a\000\040\000B\000o\000u\000n\000d\000\040\000M\000o\000l\000e\000c\000u\000l\000e}{section.21.4}% 548
\BOOKMARK [2][-]{subsection.21.4.2}{\376\377\000S\000l\000a\000t\000e\000r\000\040\000D\000e\000t\000e\000r\000m\000i\000n\000a\000n\000t\000\040\000A\000n\000a\000l\000y\000s\000i\000s\000\040\000o\000f\000\040\000C\000l\000o\000s\000e\000d\000-\000S\000h\000e\000l\000l\000\040\000R\000e\000p\000u\000l\000s\000i\000o\000n}{section.21.4}% 549
\BOOKMARK [2][-]{subsection.21.4.3}{\376\377\000E\000l\000e\000c\000t\000r\000o\000n\000\040\000P\000a\000i\000r\000i\000n\000g\000,\000\040\000C\000h\000e\000m\000i\000c\000a\000l\000\040\000I\000n\000e\000r\000t\000n\000e\000s\000s\000,\000\040\000a\000n\000d\000\040\000V\000a\000l\000e\000n\000c\000e}{section.21.4}% 550
\BOOKMARK [2][-]{subsection.21.4.4}{\376\377\000S\000a\000t\000u\000r\000a\000t\000i\000o\000n\000\040\000o\000f\000\040\000C\000o\000v\000a\000l\000e\000n\000t\000\040\000B\000o\000n\000d\000s}{section.21.4}% 551
\BOOKMARK [1][-]{section.21.5}{\376\377\000S\000p\000a\000t\000i\000a\000l\000l\000y\000\040\000D\000i\000r\000e\000c\000t\000e\000d\000\040\000O\000r\000b\000i\000t\000a\000l\000s\000:\000\040\000\040\000a\000n\000d\000\040\000\040\000B\000o\000n\000d\000s}{chapter.21}% 552
\BOOKMARK [2][-]{subsection.21.5.1}{\376\377\000C\000a\000r\000t\000e\000s\000i\000a\000n\000\040\000p\000-\000O\000r\000b\000i\000t\000a\000l\000s}{section.21.5}% 553
\BOOKMARK [2][-]{subsection.21.5.2}{\376\377\000F\000o\000r\000m\000a\000t\000i\000o\000n\000\040\000o\000f\000\040\000\040\000a\000n\000d\000\040\000\040\000M\000o\000l\000e\000c\000u\000l\000a\000r\000\040\000B\000o\000n\000d\000s}{section.21.5}% 554
\BOOKMARK [2][-]{subsection.21.5.3}{\376\377\000M\000u\000l\000t\000i\000p\000l\000e\000\040\000B\000o\000n\000d\000i\000n\000g\000\040\000i\000n\000\040\000H\000o\000m\000o\000n\000u\000c\000l\000e\000a\000r\000\040\000D\000i\000a\000t\000o\000m\000i\000c\000s}{section.21.5}% 555
\BOOKMARK [2][-]{subsection.21.5.4}{\376\377\000P\000a\000r\000a\000m\000a\000g\000n\000e\000t\000i\000s\000m\000\040\000o\000f\000\040\000M\000o\000l\000e\000c\000u\000l\000a\000r\000\040\000O\000x\000y\000g\000e\000n\000\040\000\050\000O\0002\000\051}{section.21.5}% 556
\BOOKMARK [1][-]{section.21.6}{\376\377\000O\000r\000b\000i\000t\000a\000l\000\040\000H\000y\000b\000r\000i\000d\000i\000z\000a\000t\000i\000o\000n\000,\000\040\000M\000o\000l\000e\000c\000u\000l\000a\000r\000\040\000G\000e\000o\000m\000e\000t\000r\000y\000,\000\040\000a\000n\000d\000\040\000H\000y\000d\000r\000o\000g\000e\000n\000\040\000B\000o\000n\000d\000i\000n\000g}{chapter.21}% 557
\BOOKMARK [2][-]{subsection.21.6.1}{\376\377\000P\000r\000i\000n\000c\000i\000p\000l\000e\000s\000\040\000o\000f\000\040\000H\000y\000b\000r\000i\000d\000i\000z\000a\000t\000i\000o\000n\000:\000\040\000T\000h\000e\000\040\000L\000i\0002\000\040\000M\000o\000l\000e\000c\000u\000l\000e}{section.21.6}% 558
\BOOKMARK [2][-]{subsection.21.6.2}{\376\377\000T\000e\000t\000r\000a\000h\000e\000d\000r\000a\000l\000\040\000s\000p\0003\000\040\000H\000y\000b\000r\000i\000d\000i\000z\000a\000t\000i\000o\000n}{section.21.6}% 559
\BOOKMARK [2][-]{subsection.21.6.3}{\376\377\000M\000o\000l\000e\000c\000u\000l\000a\000r\000\040\000G\000e\000o\000m\000e\000t\000r\000i\000e\000s\000:\000\040\000H\0002\000O\000\040\000a\000n\000d\000\040\000N\000H\0003}{section.21.6}% 560
\BOOKMARK [2][-]{subsection.21.6.4}{\376\377\000H\000y\000d\000r\000o\000g\000e\000n\000\040\000B\000o\000n\000d\000i\000n\000g\000\040\000a\000n\000d\000\040\000t\000h\000e\000\040\000P\000h\000y\000s\000i\000c\000s\000\040\000o\000f\000\040\000L\000i\000q\000u\000i\000d\000\040\000W\000a\000t\000e\000r}{section.21.6}% 561
\BOOKMARK [1][-]{section.21.7}{\376\377\000H\000y\000d\000r\000o\000c\000a\000r\000b\000o\000n\000s\000:\000\040\000H\000y\000b\000r\000i\000d\000i\000z\000a\000t\000i\000o\000n\000\040\000S\000c\000h\000e\000m\000e\000s\000\040\000a\000n\000d\000\040\000D\000e\000l\000o\000c\000a\000l\000i\000z\000e\000d\000\040\000-\000S\000y\000s\000t\000e\000m\000s}{chapter.21}% 562
\BOOKMARK [2][-]{subsection.21.7.1}{\376\377\000T\000e\000t\000r\000a\000h\000e\000d\000r\000a\000l\000\040\000s\000p\0003\000\040\000C\000a\000r\000b\000o\000n\000:\000\040\000A\000l\000k\000a\000n\000e\000s\000\040\000\050\000C\000H\0004\000\051}{section.21.7}% 563
\BOOKMARK [2][-]{subsection.21.7.2}{\376\377\000T\000r\000i\000g\000o\000n\000a\000l\000\040\000s\000p\0002\000\040\000C\000a\000r\000b\000o\000n\000:\000\040\000A\000l\000k\000e\000n\000e\000s\000\040\000\050\000C\0002\000H\0004\000\051}{section.21.7}% 564
\BOOKMARK [2][-]{subsection.21.7.3}{\376\377\000L\000i\000n\000e\000a\000r\000\040\000s\000p\000\040\000C\000a\000r\000b\000o\000n\000:\000\040\000A\000l\000k\000y\000n\000e\000s\000\040\000\050\000C\0002\000H\0002\000\051}{section.21.7}% 565
\BOOKMARK [2][-]{subsection.21.7.4}{\376\377\000D\000e\000l\000o\000c\000a\000l\000i\000z\000e\000d\000\040\000-\000S\000y\000s\000t\000e\000m\000s\000\040\000a\000n\000d\000\040\000A\000r\000o\000m\000a\000t\000i\000c\000i\000t\000y\000:\000\040\000B\000e\000n\000z\000e\000n\000e\000\040\000\050\000C\0006\000H\0006\000\051}{section.21.7}% 566
\BOOKMARK [0][-]{chapter.22}{\376\377\000R\000e\000l\000a\000t\000i\000v\000i\000s\000t\000i\000c\000\040\000S\000p\000i\000n\000\040\000Z\000e\000r\000o\000\040\000P\000a\000r\000t\000i\000c\000l\000e\000s\000\040\000K\000l\000e\000i\000n\000\040\000G\000o\000r\000d\000o\000n\000\040\000E\000q\000u\000a\000t\000i\000o\000n}{}% 567
\BOOKMARK [1][-]{section.22.1}{\376\377\000R\000e\000l\000a\000t\000i\000v\000i\000s\000t\000i\000c\000\040\000S\000p\000i\000n\000-\000Z\000e\000r\000o\000\040\000P\000a\000r\000t\000i\000c\000l\000e\000s\000:\000\040\000K\000l\000e\000i\000n\000-\000G\000o\000r\000d\000o\000n\000\040\000E\000q\000u\000a\000t\000i\000o\000n}{chapter.22}% 568
\BOOKMARK [2][-]{subsection.22.1.1}{\376\377\000H\000e\000u\000r\000i\000s\000t\000i\000c\000\040\000M\000o\000t\000i\000v\000a\000t\000i\000o\000n\000\040\000a\000n\000d\000\040\000N\000o\000n\000l\000o\000c\000a\000l\000i\000t\000y}{section.22.1}% 569
\BOOKMARK [2][-]{subsection.22.1.2}{\376\377\000T\000h\000e\000\040\000K\000l\000e\000i\000n\000-\000G\000o\000r\000d\000o\000n\000\040\000E\000q\000u\000a\000t\000i\000o\000n}{section.22.1}% 570
\BOOKMARK [2][-]{subsection.22.1.3}{\376\377\000P\000h\000y\000s\000i\000c\000a\000l\000\040\000P\000e\000c\000u\000l\000i\000a\000r\000i\000t\000i\000e\000s\000:\000\040\000N\000e\000g\000a\000t\000i\000v\000e\000\040\000E\000n\000e\000r\000g\000i\000e\000s\000\040\000a\000n\000d\000\040\000C\000o\000n\000s\000e\000r\000v\000e\000d\000\040\000C\000u\000r\000r\000e\000n\000t}{section.22.1}% 571
\BOOKMARK [0][-]{chapter.23}{\376\377\000R\000e\000l\000a\000t\000i\000v\000i\000s\000t\000i\000c\000\040\000S\000p\000i\000n\000\040\000Z\000e\000r\000o\000\040\000P\000a\000r\000t\000i\000c\000l\000e\000s}{}% 572
\BOOKMARK [1][-]{section.23.1}{\376\377\000N\000e\000g\000a\000t\000i\000v\000e\000\040\000E\000n\000e\000r\000g\000y\000\040\000S\000t\000a\000t\000e\000s\000\040\000a\000n\000d\000\040\000A\000n\000t\000i\000p\000a\000r\000t\000i\000c\000l\000e\000s}{chapter.23}% 573
\BOOKMARK [2][-]{subsection.23.1.1}{\376\377\000P\000o\000s\000i\000t\000i\000v\000e\000-\000E\000n\000e\000r\000g\000y\000\040\000S\000o\000l\000u\000t\000i\000o\000n\000s\000\040\000a\000n\000d\000\040\000L\000o\000r\000e\000n\000t\000z\000\040\000C\000o\000v\000a\000r\000i\000a\000n\000c\000e}{section.23.1}% 574
\BOOKMARK [2][-]{subsection.23.1.2}{\376\377\000N\000e\000g\000a\000t\000i\000v\000e\000-\000E\000n\000e\000r\000g\000y\000\040\000S\000t\000a\000t\000e\000s\000\040\000a\000n\000d\000\040\000A\000n\000t\000i\000p\000a\000r\000t\000i\000c\000l\000e\000\040\000I\000n\000t\000e\000r\000p\000r\000e\000t\000a\000t\000i\000o\000n}{section.23.1}% 575
\BOOKMARK [2][-]{subsection.23.1.3}{\376\377\000C\000h\000a\000r\000g\000e\000\040\000C\000o\000n\000j\000u\000g\000a\000t\000i\000o\000n\000\040\000a\000n\000d\000\040\000N\000o\000r\000m\000a\000l\000i\000z\000a\000t\000i\000o\000n}{section.23.1}% 576
\BOOKMARK [1][-]{section.23.2}{\376\377\000F\000i\000r\000s\000t\000-\000O\000r\000d\000e\000r\000\040\000K\000l\000e\000i\000n\000-\000G\000o\000r\000d\000o\000n\000\040\000E\000q\000u\000a\000t\000i\000o\000n}{chapter.23}% 577
\BOOKMARK [2][-]{subsection.23.2.1}{\376\377\000T\000h\000e\000\040\000F\000e\000s\000h\000b\000a\000c\000h\000-\000V\000i\000l\000l\000a\000r\000s\000\040\000R\000e\000p\000r\000e\000s\000e\000n\000t\000a\000t\000i\000o\000n}{section.23.2}% 578
\BOOKMARK [2][-]{subsection.23.2.2}{\376\377\000I\000n\000d\000e\000f\000i\000n\000i\000t\000e\000\040\000M\000e\000t\000r\000i\000c\000\040\000a\000n\000d\000\040\000G\000e\000n\000e\000r\000a\000l\000i\000z\000e\000d\000\040\000H\000e\000r\000m\000i\000t\000i\000c\000i\000t\000y}{section.23.2}% 579
\BOOKMARK [2][-]{subsection.23.2.3}{\376\377\000C\000h\000a\000r\000g\000e\000\040\000C\000o\000n\000j\000u\000g\000a\000t\000i\000o\000n}{section.23.2}% 580
\BOOKMARK [2][-]{subsection.23.2.4}{\376\377\000F\000r\000e\000e\000-\000P\000a\000r\000t\000i\000c\000l\000e\000\040\000P\000l\000a\000n\000e\000\040\000W\000a\000v\000e\000s\000\040\000a\000n\000d\000\040\000C\000o\000m\000p\000l\000e\000t\000e\000n\000e\000s\000s}{section.23.2}% 581
\BOOKMARK [1][-]{section.23.3}{\376\377\000F\000r\000e\000e\000-\000P\000a\000r\000t\000i\000c\000l\000e\000\040\000W\000a\000v\000e\000\040\000P\000a\000c\000k\000e\000t\000s\000\040\000a\000n\000d\000\040\000L\000o\000c\000a\000l\000i\000z\000a\000t\000i\000o\000n}{chapter.23}% 582
\BOOKMARK [2][-]{subsection.23.3.1}{\376\377\000W\000a\000v\000e\000\040\000P\000a\000c\000k\000e\000t\000\040\000P\000r\000o\000p\000a\000g\000a\000t\000i\000o\000n\000\040\000a\000n\000d\000\040\000G\000r\000o\000u\000p\000\040\000V\000e\000l\000o\000c\000i\000t\000y}{section.23.3}% 583
\BOOKMARK [2][-]{subsection.23.3.2}{\376\377\000I\000m\000p\000o\000s\000s\000i\000b\000i\000l\000i\000t\000y\000\040\000o\000f\000\040\000E\000x\000a\000c\000t\000\040\000S\000i\000n\000g\000l\000e\000-\000P\000a\000r\000t\000i\000c\000l\000e\000\040\000L\000o\000c\000a\000l\000i\000z\000a\000t\000i\000o\000n}{section.23.3}% 584
\BOOKMARK [2][-]{subsection.23.3.3}{\376\377\000T\000h\000e\000\040\000P\000o\000s\000i\000t\000i\000o\000n\000\040\000O\000p\000e\000r\000a\000t\000o\000r\000:\000\040\000E\000v\000e\000n\000\040\000a\000n\000d\000\040\000O\000d\000d\000\040\000D\000e\000c\000o\000m\000p\000o\000s\000i\000t\000i\000o\000n\000s}{section.23.3}% 585
\BOOKMARK [1][-]{section.23.4}{\376\377\000K\000l\000e\000i\000n\000'\000s\000\040\000P\000a\000r\000a\000d\000o\000x\000\040\000a\000n\000d\000\040\000P\000a\000i\000r\000\040\000P\000r\000o\000d\000u\000c\000t\000i\000o\000n}{chapter.23}% 586
\BOOKMARK [2][-]{subsection.23.4.1}{\376\377\000S\000c\000a\000t\000t\000e\000r\000i\000n\000g\000\040\000b\000y\000\040\000a\000n\000\040\000E\000l\000e\000c\000t\000r\000o\000s\000t\000a\000t\000i\000c\000\040\000S\000t\000e\000p\000\040\000B\000a\000r\000r\000i\000e\000r}{section.23.4}% 587
\BOOKMARK [2][-]{subsection.23.4.2}{\376\377\000T\000h\000e\000\040\000T\000h\000r\000e\000e\000\040\000P\000o\000t\000e\000n\000t\000i\000a\000l\000\040\000R\000e\000g\000i\000m\000e\000s}{section.23.4}% 588
\BOOKMARK [2][-]{subsection.23.4.3}{\376\377\000R\000e\000s\000o\000l\000u\000t\000i\000o\000n\000\040\000o\000f\000\040\000K\000l\000e\000i\000n\000'\000s\000\040\000P\000a\000r\000a\000d\000o\000x\000:\000\040\000P\000a\000i\000r\000\040\000C\000r\000e\000a\000t\000i\000o\000n}{section.23.4}% 589
\BOOKMARK [2][-]{subsection.23.4.4}{\376\377\000W\000a\000v\000e\000\040\000P\000a\000c\000k\000e\000t\000\040\000P\000e\000r\000t\000u\000r\000b\000a\000t\000i\000o\000n\000s\000\040\000a\000n\000d\000\040\000Z\000i\000t\000t\000e\000r\000b\000e\000w\000e\000g\000u\000n\000g}{section.23.4}% 590
\BOOKMARK [1][-]{section.23.5}{\376\377\000S\000c\000a\000t\000t\000e\000r\000i\000n\000g\000\040\000b\000y\000\040\000a\000\040\000P\000o\000t\000e\000n\000t\000i\000a\000l\000\040\000a\000n\000d\000\040\000S\000t\000i\000m\000u\000l\000a\000t\000e\000d\000\040\000P\000a\000i\000r\000\040\000P\000r\000o\000d\000u\000c\000t\000i\000o\000n}{chapter.23}% 591
\BOOKMARK [2][-]{subsection.23.5.1}{\376\377\000B\000o\000r\000n\000\040\000A\000p\000p\000r\000o\000x\000i\000m\000a\000t\000i\000o\000n\000\040\000f\000o\000r\000\040\000P\000o\000s\000i\000t\000i\000v\000e\000-\000E\000n\000e\000r\000g\000y\000\040\000S\000c\000a\000t\000t\000e\000r\000i\000n\000g}{section.23.5}% 592
\BOOKMARK [2][-]{subsection.23.5.2}{\376\377\000T\000r\000a\000n\000s\000i\000t\000i\000o\000n\000s\000\040\000t\000o\000\040\000N\000e\000g\000a\000t\000i\000v\000e\000-\000E\000n\000e\000r\000g\000y\000\040\000S\000t\000a\000t\000e\000s\000\040\000a\000n\000d\000\040\000S\000t\000i\000m\000u\000l\000a\000t\000e\000d\000\040\000P\000a\000i\000r\000\040\000P\000r\000o\000d\000u\000c\000t\000i\000o\000n}{section.23.5}% 593
\BOOKMARK [1][-]{section.23.6}{\376\377\000B\000o\000u\000n\000d\000-\000S\000t\000a\000t\000e\000\040\000P\000r\000o\000b\000l\000e\000m\000s\000:\000\040\000T\000h\000e\000\040\000R\000e\000l\000a\000t\000i\000v\000i\000s\000t\000i\000c\000\040\000C\000o\000u\000l\000o\000m\000b\000\040\000P\000o\000t\000e\000n\000t\000i\000a\000l}{chapter.23}% 594
\BOOKMARK [2][-]{subsection.23.6.1}{\376\377\000S\000t\000a\000t\000i\000o\000n\000a\000r\000y\000\040\000S\000t\000a\000t\000e\000s\000\040\000a\000n\000d\000\040\000V\000a\000c\000u\000u\000m\000\040\000P\000o\000l\000a\000r\000i\000z\000a\000t\000i\000o\000n}{section.23.6}% 595
\BOOKMARK [2][-]{subsection.23.6.2}{\376\377\000E\000x\000a\000c\000t\000\040\000S\000o\000l\000u\000t\000i\000o\000n\000\040\000f\000o\000r\000\040\000t\000h\000e\000\040\000P\000i\000o\000n\000i\000c\000\040\000H\000y\000d\000r\000o\000g\000e\000n\000-\000L\000i\000k\000e\000\040\000A\000t\000o\000m}{section.23.6}% 596
\BOOKMARK [2][-]{subsection.23.6.3}{\376\377\000E\000n\000e\000r\000g\000y\000\040\000E\000i\000g\000e\000n\000v\000a\000l\000u\000e\000s\000\040\000a\000n\000d\000\040\000F\000i\000n\000e\000\040\000S\000t\000r\000u\000c\000t\000u\000r\000e}{section.23.6}% 597
\BOOKMARK [2][-]{subsection.23.6.4}{\376\377\000F\000a\000l\000l\000\040\000t\000o\000\040\000t\000h\000e\000\040\000C\000e\000n\000t\000e\000r\000\040\000a\000n\000d\000\040\000C\000r\000i\000t\000i\000c\000a\000l\000\040\000C\000o\000u\000p\000l\000i\000n\000g}{section.23.6}% 598
\BOOKMARK [1][-]{section.23.7}{\376\377\000N\000o\000n\000r\000e\000l\000a\000t\000i\000v\000i\000s\000t\000i\000c\000\040\000L\000i\000m\000i\000t\000\040\000a\000n\000d\000\040\000R\000e\000l\000a\000t\000i\000v\000i\000s\000t\000i\000c\000\040\000C\000o\000r\000r\000e\000c\000t\000i\000o\000n\000s}{chapter.23}% 599
\BOOKMARK [2][-]{subsection.23.7.1}{\376\377\000S\000y\000s\000t\000e\000m\000a\000t\000i\000c\000\040\000E\000l\000i\000m\000i\000n\000a\000t\000i\000o\000n\000\040\000o\000f\000\040\000t\000h\000e\000\040\000S\000m\000a\000l\000l\000\040\000C\000o\000m\000p\000o\000n\000e\000n\000t}{section.23.7}% 600
\BOOKMARK [2][-]{subsection.23.7.2}{\376\377\000L\000e\000a\000d\000i\000n\000g\000\040\000R\000e\000l\000a\000t\000i\000v\000i\000s\000t\000i\000c\000\040\000H\000a\000m\000i\000l\000t\000o\000n\000i\000a\000n}{section.23.7}% 601
\BOOKMARK [2][-]{subsection.23.7.3}{\376\377\000O\000r\000b\000i\000t\000a\000l\000\040\000M\000a\000g\000n\000e\000t\000i\000c\000\040\000M\000o\000m\000e\000n\000t\000\040\000i\000n\000\040\000a\000\040\000U\000n\000i\000f\000o\000r\000m\000\040\000F\000i\000e\000l\000d}{section.23.7}% 602
\BOOKMARK [1][-]{section.23.8}{\376\377\000S\000c\000a\000l\000a\000r\000\040\000I\000n\000t\000e\000r\000a\000c\000t\000i\000o\000n\000s}{chapter.23}% 603
\BOOKMARK [2][-]{subsection.23.8.1}{\376\377\000C\000o\000v\000a\000r\000i\000a\000n\000t\000\040\000F\000o\000r\000m\000u\000l\000a\000t\000i\000o\000n\000\040\000o\000f\000\040\000S\000c\000a\000l\000a\000r\000\040\000P\000o\000t\000e\000n\000t\000i\000a\000l\000s}{section.23.8}% 604
\BOOKMARK [2][-]{subsection.23.8.2}{\376\377\000S\000t\000a\000t\000i\000o\000n\000a\000r\000y\000\040\000B\000o\000u\000n\000d\000\040\000S\000t\000a\000t\000e\000s\000\040\000i\000n\000\040\000a\000\040\000S\000t\000a\000t\000i\000c\000\040\000S\000c\000a\000l\000a\000r\000\040\000P\000o\000t\000e\000n\000t\000i\000a\000l}{section.23.8}% 605
\BOOKMARK [1][-]{section.23.9}{\376\377\000N\000e\000u\000t\000r\000a\000l\000\040\000P\000a\000r\000t\000i\000c\000l\000e\000s\000\040\000a\000n\000d\000\040\000R\000e\000a\000l\000\040\000S\000c\000a\000l\000a\000r\000\040\000F\000i\000e\000l\000d\000s}{chapter.23}% 606
\BOOKMARK [2][-]{subsection.23.9.1}{\376\377\000N\000o\000n\000-\000S\000e\000l\000f\000-\000C\000o\000n\000j\000u\000g\000a\000t\000e\000\040\000N\000e\000u\000t\000r\000a\000l\000\040\000P\000a\000r\000t\000i\000c\000l\000e\000s}{section.23.9}% 607
\BOOKMARK [2][-]{subsection.23.9.2}{\376\377\000T\000r\000u\000l\000y\000\040\000N\000e\000u\000t\000r\000a\000l\000\040\000\050\000S\000e\000l\000f\000-\000C\000o\000n\000j\000u\000g\000a\000t\000e\000\051\000\040\000P\000a\000r\000t\000i\000c\000l\000e\000s}{section.23.9}% 608
\BOOKMARK [1][-]{section.23.10}{\376\377\000P\000r\000o\000b\000l\000e\000m\000s}{chapter.23}% 609
\BOOKMARK [0][-]{chapter.24}{\376\377\000R\000e\000l\000a\000t\000i\000v\000i\000s\000t\000i\000c\000\040\000S\000p\000i\000n\000\040\0001\0002\000\040\000P\000a\000r\000t\000i\000c\000l\000e\000s\000\040\000D\000i\000r\000a\000c\000\040\000E\000q\000u\000a\000t\000i\000o\000n}{}% 610
\BOOKMARK [1][-]{section.24.1}{\376\377\000R\000e\000l\000a\000t\000i\000v\000i\000s\000t\000i\000c\000\040\000S\000p\000i\000n\000-\0001\000/\0002\000\040\000P\000a\000r\000t\000i\000c\000l\000e\000s\000:\000\040\000D\000i\000r\000a\000c\000\040\000E\000q\000u\000a\000t\000i\000o\000n}{chapter.24}% 611
\BOOKMARK [0][-]{chapter.25}{\376\377\000R\000e\000l\000a\000t\000i\000v\000i\000s\000t\000i\000c\000\040\000S\000p\000i\000n\000\040\000V\000z\000\040\000P\000a\000r\000t\000i\000c\000l\000e\000s\000\040\000D\000i\000r\000a\000c\000\040\000E\000q\000u\000a\000t\000i\000o\000n\000\040\0005\0003\0004}{}% 612
\BOOKMARK [1][-]{section.25.1}{\376\377\000C\000O\000N\000T\000E\000N\000T\000S\000\040\000x\000i}{chapter.25}% 613
\BOOKMARK [1][-]{section.25.2}{\376\377\000L\000o\000r\000e\000n\000t\000z\000\040\000T\000r\000a\000n\000s\000f\000o\000r\000m\000a\000t\000i\000o\000n\000\040\000o\000f\000\040\000S\000p\000i\000n\000\040\000a\000n\000d\000\040\000t\000h\000e\000\040\000D\000i\000r\000a\000c\000\040\000A\000l\000g\000e\000b\000r\000a}{chapter.25}% 614
\BOOKMARK [2][-]{subsection.25.2.1}{\376\377\000S\000p\000i\000n\000\040\000a\000s\000\040\000a\000\040\000S\000e\000c\000o\000n\000d\000-\000R\000a\000n\000k\000\040\000S\000p\000a\000c\000e\000t\000i\000m\000e\000\040\000T\000e\000n\000s\000o\000r}{section.25.2}% 615
\BOOKMARK [2][-]{subsection.25.2.2}{\376\377\000A\000l\000g\000e\000b\000r\000a\000i\000c\000\040\000P\000r\000o\000p\000e\000r\000t\000i\000e\000s\000\040\000o\000f\000\040\000t\000h\000e\000\040\000I\000n\000t\000e\000r\000n\000a\000l\000\040\000O\000p\000e\000r\000a\000t\000o\000r\000s}{section.25.2}% 616
\BOOKMARK [2][-]{subsection.25.2.3}{\376\377\000P\000a\000r\000i\000t\000y\000\040\000a\000n\000d\000\040\000t\000h\000e\000\040\000F\000o\000u\000r\000-\000D\000i\000m\000e\000n\000s\000i\000o\000n\000a\000l\000\040\000R\000e\000p\000r\000e\000s\000e\000n\000t\000a\000t\000i\000o\000n}{section.25.2}% 617
\BOOKMARK [2][-]{subsection.25.2.4}{\376\377\000F\000i\000n\000i\000t\000e\000\040\000L\000o\000r\000e\000n\000t\000z\000\040\000T\000r\000a\000n\000s\000f\000o\000r\000m\000a\000t\000i\000o\000n\000s}{section.25.2}% 618
\BOOKMARK [2][-]{subsection.25.2.5}{\376\377\000T\000h\000e\000\040\000D\000i\000r\000a\000c\000\040\000G\000a\000m\000m\000a\000\040\000M\000a\000t\000r\000i\000c\000e\000s\000\040\000a\000n\000d\000\040\000C\000l\000i\000f\000f\000o\000r\000d\000\040\000A\000l\000g\000e\000b\000r\000a}{section.25.2}% 619
\BOOKMARK [2][-]{subsection.25.2.6}{\376\377\000B\000a\000s\000i\000s\000\040\000o\000f\000\040\000t\000h\000e\000\040\000C\000l\000i\000f\000f\000o\000r\000d\000\040\000A\000l\000g\000e\000b\000r\000a}{section.25.2}% 620
\BOOKMARK [1][-]{section.25.3}{\376\377\000T\000h\000e\000\040\000D\000i\000r\000a\000c\000\040\000E\000q\000u\000a\000t\000i\000o\000n\000\040\000a\000n\000d\000\040\000t\000h\000e\000\040\000E\000l\000e\000c\000t\000r\000o\000n\000\040\000g\000-\000F\000a\000c\000t\000o\000r}{chapter.25}% 621
\BOOKMARK [2][-]{subsection.25.3.1}{\376\377\000D\000e\000r\000i\000v\000a\000t\000i\000o\000n\000\040\000o\000f\000\040\000t\000h\000e\000\040\000F\000r\000e\000e\000\040\000D\000i\000r\000a\000c\000\040\000E\000q\000u\000a\000t\000i\000o\000n}{section.25.3}% 622
\BOOKMARK [2][-]{subsection.25.3.2}{\376\377\000E\000l\000e\000c\000t\000r\000o\000m\000a\000g\000n\000e\000t\000i\000c\000\040\000C\000o\000u\000p\000l\000i\000n\000g\000\040\000a\000n\000d\000\040\000t\000h\000e\000\040\000N\000o\000n\000r\000e\000l\000a\000t\000i\000v\000i\000s\000t\000i\000c\000\040\000L\000i\000m\000i\000t\000:\000\040\000O\000r\000i\000g\000i\000n\000\040\000o\000f\000\040\000g\000\040\000=\000\040\0002}{section.25.3}% 623
\BOOKMARK [2][-]{subsection.25.3.3}{\376\377\000C\000o\000n\000s\000e\000r\000v\000e\000d\000\040\000P\000r\000o\000b\000a\000b\000i\000l\000i\000t\000y\000\040\000C\000u\000r\000r\000e\000n\000t}{section.25.3}% 624
\BOOKMARK [2][-]{subsection.25.3.4}{\376\377\000L\000o\000r\000e\000n\000t\000z\000\040\000T\000r\000a\000n\000s\000f\000o\000r\000m\000a\000t\000i\000o\000n\000\040\000o\000f\000\040\000t\000h\000e\000\040\000W\000a\000v\000e\000\040\000F\000u\000n\000c\000t\000i\000o\000n}{section.25.3}% 625
\BOOKMARK [1][-]{section.25.4}{\376\377\000F\000r\000e\000e\000-\000P\000a\000r\000t\000i\000c\000l\000e\000\040\000S\000o\000l\000u\000t\000i\000o\000n\000s\000\040\000o\000f\000\040\000t\000h\000e\000\040\000D\000i\000r\000a\000c\000\040\000E\000q\000u\000a\000t\000i\000o\000n}{chapter.25}% 626
\BOOKMARK [2][-]{subsection.25.4.1}{\376\377\000S\000o\000l\000u\000t\000i\000o\000n\000s\000\040\000i\000n\000\040\000t\000h\000e\000\040\000R\000e\000s\000t\000\040\000F\000r\000a\000m\000e\000\040\000a\000n\000d\000\040\000I\000n\000t\000r\000i\000n\000s\000i\000c\000\040\000P\000a\000r\000i\000t\000y}{section.25.4}% 627
\BOOKMARK [2][-]{subsection.25.4.2}{\376\377\000B\000o\000o\000s\000t\000e\000d\000\040\000S\000p\000i\000n\000o\000r\000s\000\040\000f\000o\000r\000\040\000A\000r\000b\000i\000t\000r\000a\000r\000y\000\040\000M\000o\000m\000e\000n\000t\000u\000m}{section.25.4}% 628
\BOOKMARK [2][-]{subsection.25.4.3}{\376\377\000O\000r\000t\000h\000o\000g\000o\000n\000a\000l\000i\000t\000y\000,\000\040\000D\000i\000r\000a\000c\000\040\000A\000d\000j\000o\000i\000n\000t\000,\000\040\000a\000n\000d\000\040\000C\000o\000m\000p\000l\000e\000t\000e\000n\000e\000s\000s}{section.25.4}% 629
\BOOKMARK [1][-]{section.25.5}{\376\377\000D\000i\000r\000a\000c\000\040\000C\000u\000r\000r\000e\000n\000t\000s\000\040\000a\000n\000d\000\040\000t\000h\000e\000\040\000G\000o\000r\000d\000o\000n\000\040\000D\000e\000c\000o\000m\000p\000o\000s\000i\000t\000i\000o\000n}{chapter.25}% 630
\BOOKMARK [2][-]{subsection.25.5.1}{\376\377\000C\000o\000v\000a\000r\000i\000a\000n\000t\000\040\000B\000i\000l\000i\000n\000e\000a\000r\000s\000\040\000a\000n\000d\000\040\000P\000r\000o\000b\000a\000b\000i\000l\000i\000t\000y\000\040\000C\000o\000n\000s\000e\000r\000v\000a\000t\000i\000o\000n}{section.25.5}% 631
\BOOKMARK [2][-]{subsection.25.5.2}{\376\377\000T\000h\000e\000\040\000V\000e\000l\000o\000c\000i\000t\000y\000\040\000O\000p\000e\000r\000a\000t\000o\000r\000\040\000a\000n\000d\000\040\000Z\000i\000t\000t\000e\000r\000b\000e\000w\000e\000g\000u\000n\000g}{section.25.5}% 632
\BOOKMARK [2][-]{subsection.25.5.3}{\376\377\000T\000h\000e\000\040\000G\000o\000r\000d\000o\000n\000\040\000D\000e\000c\000o\000m\000p\000o\000s\000i\000t\000i\000o\000n}{section.25.5}% 633
\BOOKMARK [1][-]{section.25.6}{\376\377\000N\000o\000n\000r\000e\000l\000a\000t\000i\000v\000i\000s\000t\000i\000c\000\040\000L\000i\000m\000i\000t\000:\000\040\000F\000i\000n\000e\000-\000S\000t\000r\000u\000c\000t\000u\000r\000e\000\040\000H\000a\000m\000i\000l\000t\000o\000n\000i\000a\000n\000,\000\040\000D\000a\000r\000w\000i\000n\000\040\000T\000e\000r\000m\000,\000\040\000a\000n\000d\000\040\000T\000h\000o\000m\000a\000s\000\040\000P\000r\000e\000c\000e\000s\000s\000i\000o\000n}{chapter.25}% 634
\BOOKMARK [2][-]{subsection.25.6.1}{\376\377\000I\000t\000e\000r\000a\000t\000i\000v\000e\000\040\000S\000o\000l\000u\000t\000i\000o\000n\000\040\000f\000o\000r\000\040\000t\000h\000e\000\040\000S\000m\000a\000l\000l\000\040\000C\000o\000m\000p\000o\000n\000e\000n\000t}{section.25.6}% 635
\BOOKMARK [2][-]{subsection.25.6.2}{\376\377\000N\000o\000r\000m\000\040\000C\000o\000n\000s\000e\000r\000v\000a\000t\000i\000o\000n\000\040\000a\000n\000d\000\040\000t\000h\000e\000\040\000F\000o\000l\000d\000y\000-\000W\000o\000u\000t\000h\000u\000y\000s\000e\000n\000\040\000T\000r\000a\000n\000s\000f\000o\000r\000m\000a\000t\000i\000o\000n}{section.25.6}% 636
\BOOKMARK [2][-]{subsection.25.6.3}{\376\377\000P\000h\000y\000s\000i\000c\000a\000l\000\040\000I\000d\000e\000n\000t\000i\000f\000i\000c\000a\000t\000i\000o\000n\000\040\000o\000f\000\040\000R\000e\000l\000a\000t\000i\000v\000i\000s\000t\000i\000c\000\040\000C\000o\000r\000r\000e\000c\000t\000i\000o\000n\000s}{section.25.6}% 637
\BOOKMARK [2][-]{subsection.25.6.4}{\376\377\000T\000h\000o\000m\000a\000s\000\040\000P\000r\000e\000c\000e\000s\000s\000i\000o\000n\000\040\000a\000n\000d\000\040\000t\000h\000e\000\040\000S\000p\000i\000n\000-\000O\000r\000b\000i\000t\000\040\000C\000o\000u\000p\000l\000i\000n\000g}{section.25.6}% 638
\BOOKMARK [1][-]{section.25.7}{\376\377\000T\000h\000e\000\040\000S\000e\000c\000o\000n\000d\000-\000O\000r\000d\000e\000r\000\040\000D\000i\000r\000a\000c\000\040\000E\000q\000u\000a\000t\000i\000o\000n\000\040\000a\000n\000d\000\040\000P\000a\000u\000l\000i\000\040\000M\000o\000m\000e\000n\000t\000\040\000C\000o\000u\000p\000l\000i\000n\000g}{chapter.25}% 639
\BOOKMARK [2][-]{subsection.25.7.1}{\376\377\000D\000e\000r\000i\000v\000a\000t\000i\000o\000n\000\040\000o\000f\000\040\000t\000h\000e\000\040\000S\000e\000c\000o\000n\000d\000-\000O\000r\000d\000e\000r\000\040\000E\000q\000u\000a\000t\000i\000o\000n}{section.25.7}% 640
\BOOKMARK [2][-]{subsection.25.7.2}{\376\377\000R\000e\000l\000a\000t\000i\000v\000i\000s\000t\000i\000c\000\040\000I\000n\000t\000e\000r\000p\000r\000e\000t\000a\000t\000i\000o\000n\000\040\000a\000n\000d\000\040\000P\000a\000u\000l\000i\000\040\000C\000o\000u\000p\000l\000i\000n\000g}{section.25.7}% 641
\BOOKMARK [2][-]{subsection.25.7.3}{\376\377\000P\000r\000o\000j\000e\000c\000t\000i\000o\000n\000\040\000o\000n\000t\000o\000\040\000t\000h\000e\000\040\000F\000i\000r\000s\000t\000-\000O\000r\000d\000e\000r\000\040\000D\000i\000r\000a\000c\000\040\000S\000p\000a\000c\000e}{section.25.7}% 642
\BOOKMARK [1][-]{section.25.8}{\376\377\000T\000h\000e\000\040\000D\000i\000r\000a\000c\000\040\000H\000y\000d\000r\000o\000g\000e\000n\000\040\000A\000t\000o\000m\000:\000\040\000E\000x\000a\000c\000t\000\040\000S\000p\000e\000c\000t\000r\000u\000m\000,\000\040\000F\000i\000n\000e\000\040\000S\000t\000r\000u\000c\000t\000u\000r\000e\000,\000\040\000a\000n\000d\000\040\000H\000i\000d\000d\000e\000n\000\040\000S\000y\000m\000m\000e\000t\000r\000y}{chapter.25}% 643
\BOOKMARK [2][-]{subsection.25.8.1}{\376\377\000R\000e\000d\000u\000c\000t\000i\000o\000n\000\040\000t\000o\000\040\000a\000\040\000R\000a\000d\000i\000a\000l\000\040\000K\000l\000e\000i\000n\000-\000G\000o\000r\000d\000o\000n\000\040\000P\000r\000o\000b\000l\000e\000m}{section.25.8}% 644
\BOOKMARK [2][-]{subsection.25.8.2}{\376\377\000T\000h\000e\000\040\000D\000i\000r\000a\000c\000\040\000A\000n\000g\000u\000l\000a\000r\000\040\000M\000o\000m\000e\000n\000t\000u\000m\000\040\000O\000p\000e\000r\000a\000t\000o\000r\000\040\000K}{section.25.8}% 645
\BOOKMARK [2][-]{subsection.25.8.3}{\376\377\000T\000h\000e\000\040\000M\000a\000r\000t\000i\000n\000-\000G\000l\000a\000u\000b\000e\000r\000\040\000A\000u\000x\000i\000l\000i\000a\000r\000y\000\040\000O\000p\000e\000r\000a\000t\000o\000r\000\040}{section.25.8}% 646
\BOOKMARK [2][-]{subsection.25.8.4}{\376\377\000E\000n\000e\000r\000g\000y\000\040\000E\000i\000g\000e\000n\000v\000a\000l\000u\000e\000s\000:\000\040\000T\000h\000e\000\040\000S\000o\000m\000m\000e\000r\000f\000e\000l\000d\000-\000D\000i\000r\000a\000c\000\040\000F\000o\000r\000m\000u\000l\000a}{section.25.8}% 647
\BOOKMARK [2][-]{subsection.25.8.5}{\376\377\000P\000h\000y\000s\000i\000c\000a\000l\000\040\000C\000l\000a\000s\000s\000i\000f\000i\000c\000a\000t\000i\000o\000n\000\040\000a\000n\000d\000\040\000F\000i\000n\000e\000-\000S\000t\000r\000u\000c\000t\000u\000r\000e\000\040\000S\000p\000l\000i\000t\000t\000i\000n\000g}{section.25.8}% 648
\BOOKMARK [2][-]{subsection.25.8.6}{\376\377\000A\000c\000c\000i\000d\000e\000n\000t\000a\000l\000\040\000D\000e\000g\000e\000n\000e\000r\000a\000c\000y\000\040\000a\000n\000d\000\040\000t\000h\000e\000\040\000J\000o\000h\000n\000s\000o\000n\000-\000L\000i\000p\000p\000m\000a\000n\000n\000\040\000S\000y\000m\000m\000e\000t\000r\000y\000\040\000O\000p\000e\000r\000a\000t\000o\000r}{section.25.8}% 649
\BOOKMARK [1][-]{section.25.9}{\376\377\000H\000y\000p\000e\000r\000f\000i\000n\000e\000\040\000S\000t\000r\000u\000c\000t\000u\000r\000e\000\040\000a\000n\000d\000\040\000t\000h\000e\000\040\0002\0001\000-\000c\000m\000\040\000H\000y\000d\000r\000o\000g\000e\000n\000\040\000L\000i\000n\000e}{chapter.25}% 650
\BOOKMARK [2][-]{subsection.25.9.1}{\376\377\000T\000h\000e\000\040\000N\000u\000c\000l\000e\000a\000r\000\040\000M\000a\000g\000n\000e\000t\000i\000c\000\040\000D\000i\000p\000o\000l\000e\000\040\000I\000n\000t\000e\000r\000a\000c\000t\000i\000o\000n}{section.25.9}% 651
\BOOKMARK [2][-]{subsection.25.9.2}{\376\377\000F\000e\000r\000m\000i\000\040\000C\000o\000n\000t\000a\000c\000t\000\040\000I\000n\000t\000e\000r\000a\000c\000t\000i\000o\000n\000\040\000i\000n\000\040\000s\000-\000S\000t\000a\000t\000e\000s}{section.25.9}% 652
\BOOKMARK [2][-]{subsection.25.9.3}{\376\377\000H\000y\000p\000e\000r\000f\000i\000n\000e\000\040\000M\000u\000l\000t\000i\000p\000l\000e\000t\000s\000\040\000a\000n\000d\000\040\000t\000h\000e\000\040\0002\0001\000-\000C\000e\000n\000t\000i\000m\000e\000t\000e\000r\000\040\000L\000i\000n\000e}{section.25.9}% 653
\BOOKMARK [1][-]{section.25.10}{\376\377\000T\000h\000e\000\040\000L\000a\000m\000b\000\040\000S\000h\000i\000f\000t\000,\000\040\000M\000a\000s\000s\000\040\000R\000e\000n\000o\000r\000m\000a\000l\000i\000z\000a\000t\000i\000o\000n\000,\000\040\000a\000n\000d\000\040\000R\000a\000d\000i\000a\000t\000i\000v\000e\000\040\000C\000o\000r\000r\000e\000c\000t\000i\000o\000n\000s}{chapter.25}% 654
\BOOKMARK [2][-]{subsection.25.10.1}{\376\377\000S\000e\000c\000o\000n\000d\000-\000O\000r\000d\000e\000r\000\040\000R\000a\000d\000i\000a\000t\000i\000v\000e\000\040\000P\000e\000r\000t\000u\000r\000b\000a\000t\000i\000o\000n\000\040\000T\000h\000e\000o\000r\000y}{section.25.10}% 655
\BOOKMARK [2][-]{subsection.25.10.2}{\376\377\000F\000r\000e\000e\000-\000E\000l\000e\000c\000t\000r\000o\000n\000\040\000S\000e\000l\000f\000-\000E\000n\000e\000r\000g\000y\000\040\000a\000n\000d\000\040\000M\000a\000s\000s\000\040\000R\000e\000n\000o\000r\000m\000a\000l\000i\000z\000a\000t\000i\000o\000n}{section.25.10}% 656
\BOOKMARK [2][-]{subsection.25.10.3}{\376\377\000B\000e\000t\000h\000e\000'\000s\000\040\000E\000v\000a\000l\000u\000a\000t\000i\000o\000n\000\040\000a\000n\000d\000\040\000t\000h\000e\000\040\000O\000s\000c\000i\000l\000l\000a\000t\000o\000r\000\040\000S\000u\000m\000\040\000R\000u\000l\000e}{section.25.10}% 657
\BOOKMARK [2][-]{subsection.25.10.4}{\376\377\000P\000h\000y\000s\000i\000c\000a\000l\000\040\000P\000i\000c\000t\000u\000r\000e\000\040\000a\000n\000d\000\040\000t\000h\000e\000\040\000L\000a\000m\000b\000-\000R\000e\000t\000h\000e\000r\000f\000o\000r\000d\000\040\000E\000x\000p\000e\000r\000i\000m\000e\000n\000t}{section.25.10}% 658
\BOOKMARK [1][-]{section.25.11}{\376\377\000D\000i\000r\000a\000c\000\040\000H\000o\000l\000e\000\040\000T\000h\000e\000o\000r\000y\000,\000\040\000C\000h\000a\000r\000g\000e\000\040\000C\000o\000n\000j\000u\000g\000a\000t\000i\000o\000n\000,\000\040\000a\000n\000d\000\040\000t\000h\000e\000\040\000S\000p\000i\000n\000-\000S\000t\000a\000t\000i\000s\000t\000i\000c\000s\000\040\000C\000o\000n\000n\000e\000c\000t\000i\000o\000n}{chapter.25}% 659
\BOOKMARK [2][-]{subsection.25.11.1}{\376\377\000T\000h\000e\000\040\000D\000i\000r\000a\000c\000\040\000S\000e\000a\000\040\000a\000n\000d\000\040\000P\000o\000s\000i\000t\000r\000o\000n\000s\000\040\000a\000s\000\040\000H\000o\000l\000e\000s}{section.25.11}% 660
\BOOKMARK [2][-]{subsection.25.11.2}{\376\377\000V\000a\000c\000u\000u\000m\000\040\000S\000u\000b\000t\000r\000a\000c\000t\000i\000o\000n\000\040\000a\000n\000d\000\040\000O\000b\000s\000e\000r\000v\000a\000b\000l\000e\000\040\000C\000u\000r\000r\000e\000n\000t\000s}{section.25.11}% 661
\BOOKMARK [2][-]{subsection.25.11.3}{\376\377\000C\000h\000a\000r\000g\000e\000\040\000C\000o\000n\000j\000u\000g\000a\000t\000i\000o\000n}{section.25.11}% 662
\BOOKMARK [2][-]{subsection.25.11.4}{\376\377\000V\000a\000c\000u\000u\000m\000\040\000P\000o\000l\000a\000r\000i\000z\000a\000t\000i\000o\000n\000\040\000a\000n\000d\000\040\000R\000e\000l\000a\000t\000i\000v\000i\000s\000t\000i\000c\000\040\000M\000a\000n\000y\000-\000B\000o\000d\000y\000\040\000E\000f\000f\000e\000c\000t\000s}{section.25.11}% 663
\BOOKMARK [2][-]{subsection.25.11.5}{\376\377\000T\000h\000e\000\040\000S\000p\000i\000n\000-\000S\000t\000a\000t\000i\000s\000t\000i\000c\000s\000\040\000C\000o\000n\000n\000e\000c\000t\000i\000o\000n}{section.25.11}% 664
\BOOKMARK [1][-]{section.25.12}{\376\377\000P\000r\000o\000b\000l\000e\000m\000s}{chapter.25}% 665
\BOOKMARK [1][-]{section.25.13}{\376\377\000I\000n\000d\000e\000x}{chapter.25}% 666
