[*] Stage 1: Extracting gordon_baym_qm.pdf...
    -> Extracting pages 1 to 30 of 607...
Traceback (most recent call last):
  File "/home/lucas/Projects/pdf_ingestion_pipeline/src/main.py", line 88, in <module>
    cli()
  File "/home/lucas/Projects/pdf_ingestion_pipeline/.venv/lib/python3.12/site-packages/click/core.py", line 1631, in __call__
    return self.main(*args, **kwargs)
           ^^^^^^^^^^^^^^^^^^^^^^^^^^
  File "/home/lucas/Projects/pdf_ingestion_pipeline/.venv/lib/python3.12/site-packages/click/core.py", line 1552, in main
    rv = self.invoke(ctx)
         ^^^^^^^^^^^^^^^^
  File "/home/lucas/Projects/pdf_ingestion_pipeline/.venv/lib/python3.12/site-packages/click/core.py", line 2032, in invoke
    return _process_result(sub_ctx.command.invoke(sub_ctx))
                           ^^^^^^^^^^^^^^^^^^^^^^^^^^^^^^^
  File "/home/lucas/Projects/pdf_ingestion_pipeline/.venv/lib/python3.12/site-packages/click/core.py", line 1415, in invoke
    return ctx.invoke(self.callback, **ctx.params)
           ^^^^^^^^^^^^^^^^^^^^^^^^^^^^^^^^^^^^^^^
  File "/home/lucas/Projects/pdf_ingestion_pipeline/.venv/lib/python3.12/site-packages/click/core.py", line 910, in invoke
    return callback(*args, **kwargs)
           ^^^^^^^^^^^^^^^^^^^^^^^^^
  File "/home/lucas/Projects/pdf_ingestion_pipeline/src/main.py", line 53, in run_pipeline
    raw_data = extractor.extract(pdf_path, dir_segmented)
               ^^^^^^^^^^^^^^^^^^^^^^^^^^^^^^^^^^^^^^^^^^
  File "/home/lucas/Projects/pdf_ingestion_pipeline/src/tools/extractor.py", line 68, in extract
    raise RuntimeError(f"OCR failed at chunk {start_idx}. Error log dumped to {error_log}")
RuntimeError: OCR failed at chunk 0. Error log dumped to /home/lucas/Projects/pdf_ingestion_pipeline/data/02_segmented/error_chunk_0.log
ERROR: Pipeline failed with exit code 1.
ERROR: vLLM server failed to start. Check docs/vllm.log
ERROR: vLLM server failed to start. Check docs/vllm.log
ERROR: vLLM server failed to start. Check docs/vllm.log
ERROR: vLLM server failed to start. Check docs/vllm.log
ERROR: vLLM server failed to start. Check docs/vllm.log
ERROR: vLLM server failed to start. Check docs/vllm.log
ERROR: vLLM server failed to start. Check docs/vllm.log
ERROR: vLLM server failed to start. Check docs/vllm.log
ERROR: vLLM server failed to start. Check docs/vllm.log
ERROR: vLLM server failed to start. Check docs/vllm.log
[*] Stage 1: Extracting gordon_baym_qm.pdf...
[*] Stage 1: Extracting gordon_baym_qm.pdf...
    -> Extracting pages 1 to 30 of 607...
    -> Extracting pages 31 to 60 of 607...
    -> Extracting pages 61 to 90 of 607...
    -> Extracting pages 91 to 120 of 607...
Traceback (most recent call last):
  File "/home/lucas/Projects/pdf_ingestion_pipeline/src/main.py", line 88, in <module>
    cli()
  File "/home/lucas/Projects/pdf_ingestion_pipeline/.venv/lib/python3.12/site-packages/click/core.py", line 1631, in __call__
    return self.main(*args, **kwargs)
           ^^^^^^^^^^^^^^^^^^^^^^^^^^
  File "/home/lucas/Projects/pdf_ingestion_pipeline/.venv/lib/python3.12/site-packages/click/core.py", line 1552, in main
    rv = self.invoke(ctx)
         ^^^^^^^^^^^^^^^^
  File "/home/lucas/Projects/pdf_ingestion_pipeline/.venv/lib/python3.12/site-packages/click/core.py", line 2032, in invoke
    return _process_result(sub_ctx.command.invoke(sub_ctx))
                           ^^^^^^^^^^^^^^^^^^^^^^^^^^^^^^^
  File "/home/lucas/Projects/pdf_ingestion_pipeline/.venv/lib/python3.12/site-packages/click/core.py", line 1415, in invoke
    return ctx.invoke(self.callback, **ctx.params)
           ^^^^^^^^^^^^^^^^^^^^^^^^^^^^^^^^^^^^^^^
  File "/home/lucas/Projects/pdf_ingestion_pipeline/.venv/lib/python3.12/site-packages/click/core.py", line 910, in invoke
    return callback(*args, **kwargs)
           ^^^^^^^^^^^^^^^^^^^^^^^^^
  File "/home/lucas/Projects/pdf_ingestion_pipeline/src/main.py", line 53, in run_pipeline
    raw_data = extractor.extract(pdf_path, dir_segmented)
               ^^^^^^^^^^^^^^^^^^^^^^^^^^^^^^^^^^^^^^^^^^
  File "/home/lucas/Projects/pdf_ingestion_pipeline/src/tools/extractor.py", line 68, in extract
    raise RuntimeError(f"OCR failed at chunk {start_idx}. Error log dumped to {error_log}")
RuntimeError: OCR failed at chunk 90. Error log dumped to /home/lucas/Projects/pdf_ingestion_pipeline/data/02_segmented/error_chunk_90.log
ERROR: Pipeline failed with exit code 1.
    -> Extracting pages 1 to 30 of 607...
    -> Extracting pages 31 to 60 of 607...
    -> Extracting pages 61 to 90 of 607...
    -> Extracting pages 91 to 120 of 607...
Traceback (most recent call last):
  File "/home/lucas/Projects/pdf_ingestion_pipeline/src/main.py", line 88, in <module>
    cli()
  File "/home/lucas/Projects/pdf_ingestion_pipeline/.venv/lib/python3.12/site-packages/click/core.py", line 1631, in __call__
    return self.main(*args, **kwargs)
           ^^^^^^^^^^^^^^^^^^^^^^^^^^
  File "/home/lucas/Projects/pdf_ingestion_pipeline/.venv/lib/python3.12/site-packages/click/core.py", line 1552, in main
    rv = self.invoke(ctx)
         ^^^^^^^^^^^^^^^^
  File "/home/lucas/Projects/pdf_ingestion_pipeline/.venv/lib/python3.12/site-packages/click/core.py", line 2032, in invoke
    return _process_result(sub_ctx.command.invoke(sub_ctx))
                           ^^^^^^^^^^^^^^^^^^^^^^^^^^^^^^^
  File "/home/lucas/Projects/pdf_ingestion_pipeline/.venv/lib/python3.12/site-packages/click/core.py", line 1415, in invoke
    return ctx.invoke(self.callback, **ctx.params)
           ^^^^^^^^^^^^^^^^^^^^^^^^^^^^^^^^^^^^^^^
  File "/home/lucas/Projects/pdf_ingestion_pipeline/.venv/lib/python3.12/site-packages/click/core.py", line 910, in invoke
    return callback(*args, **kwargs)
           ^^^^^^^^^^^^^^^^^^^^^^^^^
  File "/home/lucas/Projects/pdf_ingestion_pipeline/src/main.py", line 53, in run_pipeline
    raw_data = extractor.extract(pdf_path, dir_segmented)
               ^^^^^^^^^^^^^^^^^^^^^^^^^^^^^^^^^^^^^^^^^^
  File "/home/lucas/Projects/pdf_ingestion_pipeline/src/tools/extractor.py", line 68, in extract
    raise RuntimeError(f"OCR failed at chunk {start_idx}. Error log dumped to {error_log}")
RuntimeError: OCR failed at chunk 90. Error log dumped to /home/lucas/Projects/pdf_ingestion_pipeline/data/02_segmented/error_chunk_90.log
ERROR: Pipeline failed with exit code 1.
[*] Stage 1: Extracting gordon_baym_qm.pdf...
[*] Stage 1: Extracting gordon_baym_qm.pdf...
    -> Extracting pages 1 to 30 of 607...
    -> Extracting pages 31 to 60 of 607...
    -> Extracting pages 61 to 90 of 607...
    -> Extracting pages 91 to 120 of 607...
    -> Extracting pages 121 to 150 of 607...
    -> Extracting pages 151 to 180 of 607...
    -> Extracting pages 181 to 210 of 607...
    -> Extracting pages 211 to 240 of 607...
    -> Extracting pages 241 to 270 of 607...
    -> Extracting pages 271 to 300 of 607...
    -> Extracting pages 301 to 330 of 607...
    -> Extracting pages 331 to 360 of 607...
    -> Extracting pages 361 to 390 of 607...
    -> Extracting pages 391 to 420 of 607...
    -> Extracting pages 421 to 450 of 607...
    -> Extracting pages 451 to 480 of 607...
    -> Extracting pages 481 to 510 of 607...
    -> Extracting pages 511 to 540 of 607...
    -> Extracting pages 541 to 570 of 607...
    -> Extracting pages 571 to 600 of 607...
    -> Extracting pages 601 to 607 of 607...
[*] All chunks extracted and successfully aggregated.
Traceback (most recent call last):
  File "/home/lucas/Projects/pdf_ingestion_pipeline/src/main.py", line 88, in <module>
    cli()
  File "/home/lucas/Projects/pdf_ingestion_pipeline/.venv/lib/python3.12/site-packages/click/core.py", line 1631, in __call__
    return self.main(*args, **kwargs)
           ^^^^^^^^^^^^^^^^^^^^^^^^^^
  File "/home/lucas/Projects/pdf_ingestion_pipeline/.venv/lib/python3.12/site-packages/click/core.py", line 1552, in main
    rv = self.invoke(ctx)
         ^^^^^^^^^^^^^^^^
  File "/home/lucas/Projects/pdf_ingestion_pipeline/.venv/lib/python3.12/site-packages/click/core.py", line 2032, in invoke
    return _process_result(sub_ctx.command.invoke(sub_ctx))
                           ^^^^^^^^^^^^^^^^^^^^^^^^^^^^^^^
  File "/home/lucas/Projects/pdf_ingestion_pipeline/.venv/lib/python3.12/site-packages/click/core.py", line 1415, in invoke
    return ctx.invoke(self.callback, **ctx.params)
           ^^^^^^^^^^^^^^^^^^^^^^^^^^^^^^^^^^^^^^^
  File "/home/lucas/Projects/pdf_ingestion_pipeline/.venv/lib/python3.12/site-packages/click/core.py", line 910, in invoke
    return callback(*args, **kwargs)
           ^^^^^^^^^^^^^^^^^^^^^^^^^
  File "/home/lucas/Projects/pdf_ingestion_pipeline/src/main.py", line 55, in run_pipeline
    dvc_track(state_segmented)
  File "/home/lucas/Projects/pdf_ingestion_pipeline/src/main.py", line 25, in dvc_track
    subprocess.run(["dvc", "add", str(path)], check=True, capture_output=True)
  File "/usr/lib/python3.12/subprocess.py", line 571, in run
    raise CalledProcessError(retcode, process.args,
subprocess.CalledProcessError: Command '['dvc', 'add', '/home/lucas/Projects/pdf_ingestion_pipeline/data/02_segmented/gordon_baym_qm.json']' returned non-zero exit status 1.
ERROR: Pipeline failed with exit code 1.
warning: The `fitz` API is deprecated and will be removed in future. Use `import pymupdf` instead.
[*] Stage 1: Extracting preface.pdf...
    -> Extracting pages 1 to 2 of 2...
[*] All chunks extracted and successfully aggregated.
[!] WARNING: DVC failed to track /home/lucas/Projects/pdf_ingestion_pipeline/data/02_segmented/preface.json. Bypassing tracking constraint to continue pipeline.
    DVC Stderr: ERROR: bad DVC file name 'data/02_segmented/preface.json.dvc' is git-ignored.
[*] Stage 1.5: Routing visual assets and injecting placeholders...
[*] Stage 2: Deterministic Cross-Page Stitching...
[!] WARNING: DVC failed to track /home/lucas/Projects/pdf_ingestion_pipeline/data/03_stitched/preface.json. Bypassing tracking constraint to continue pipeline.
    DVC Stderr: ERROR: bad DVC file name 'data/03_stitched/preface.json.dvc' is git-ignored.
[*] Stage 3: Agent Verification Hook...
[*] Orchestrator: Starting agentic verification of 0 pages...
[!] WARNING: DVC failed to track /home/lucas/Projects/pdf_ingestion_pipeline/data/04_verified/preface.json. Bypassing tracking constraint to continue pipeline.
    DVC Stderr: ERROR: bad DVC file name 'data/04_verified/preface.json.dvc' is git-ignored.
[*] Stage 4: Semantic Chunking and Assembly...
[*] Pipeline execution complete. Outputs generated in 06_final_md and 07_final_tex.
[*] Pipeline completed successfully.
warning: The `fitz` API is deprecated and will be removed in future. Use `import pymupdf` instead.
[*] Stage 1: Extracting preface.pdf...
    -> Extracting pages 1 to 2 of 2...
[*] All chunks extracted and successfully aggregated.
[!] WARNING: DVC failed to track /home/lucas/Projects/pdf_ingestion_pipeline/data/02_segmented/preface.json. Bypassing tracking constraint to continue pipeline.
    DVC Stderr: ERROR: bad DVC file name 'data/02_segmented/preface.json.dvc' is git-ignored.
[*] Stage 1.5: Routing visual assets and injecting placeholders...
[*] Stage 2: Deterministic Cross-Page Stitching...
[!] WARNING: DVC failed to track /home/lucas/Projects/pdf_ingestion_pipeline/data/03_stitched/preface.json. Bypassing tracking constraint to continue pipeline.
    DVC Stderr: ERROR: bad DVC file name 'data/03_stitched/preface.json.dvc' is git-ignored.
[*] Stage 3: Agent Verification Hook...
[*] Orchestrator: Starting agentic verification of 2 pages...
    -> Agent verifying pages 1 to 2...
[!] WARNING: DVC failed to track /home/lucas/Projects/pdf_ingestion_pipeline/data/04_verified/preface.json. Bypassing tracking constraint to continue pipeline.
    DVC Stderr: ERROR: bad DVC file name 'data/04_verified/preface.json.dvc' is git-ignored.
[*] Stage 4: Semantic Chunking and Assembly...
[*] Pipeline execution complete. Outputs generated in 06_final_md and 07_final_tex.
[*] Pipeline completed successfully.
warning: The `fitz` API is deprecated and will be removed in future. Use `import pymupdf` instead.
[*] Stage 1: Extracting gordon_baym_qm.pdf...
    -> Extracting pages 1 to 3 of 607...
    -> Extracting pages 4 to 6 of 607...
    -> Extracting pages 7 to 9 of 607...
    -> Extracting pages 10 to 12 of 607...
    -> Extracting pages 13 to 15 of 607...
    -> Extracting pages 16 to 18 of 607...
    -> Extracting pages 19 to 21 of 607...
    -> Extracting pages 22 to 24 of 607...
    -> Extracting pages 25 to 27 of 607...
    -> Extracting pages 28 to 30 of 607...
    -> Extracting pages 31 to 33 of 607...
    -> Extracting pages 34 to 36 of 607...
    -> Extracting pages 37 to 39 of 607...
    -> Extracting pages 40 to 42 of 607...
    -> Extracting pages 43 to 45 of 607...
    -> Extracting pages 46 to 48 of 607...
    -> Extracting pages 49 to 51 of 607...
    -> Extracting pages 52 to 54 of 607...
    -> Extracting pages 55 to 57 of 607...
    -> Extracting pages 58 to 60 of 607...
    -> Extracting pages 61 to 63 of 607...
    -> Extracting pages 64 to 66 of 607...
    -> Extracting pages 67 to 69 of 607...
    -> Extracting pages 70 to 72 of 607...
    -> Extracting pages 73 to 75 of 607...
    -> Extracting pages 76 to 78 of 607...
    -> Extracting pages 79 to 81 of 607...
    -> Extracting pages 82 to 84 of 607...
    -> Extracting pages 85 to 87 of 607...
    -> Extracting pages 88 to 90 of 607...
    -> Extracting pages 91 to 93 of 607...
    -> Extracting pages 94 to 96 of 607...
    -> Extracting pages 97 to 99 of 607...
    -> Extracting pages 100 to 102 of 607...
    -> Extracting pages 103 to 105 of 607...
    -> Extracting pages 106 to 108 of 607...
    -> Extracting pages 109 to 111 of 607...
    -> Extracting pages 112 to 114 of 607...
    -> Extracting pages 115 to 117 of 607...
    -> Extracting pages 118 to 120 of 607...
    -> Extracting pages 121 to 123 of 607...
    -> Extracting pages 124 to 126 of 607...
    -> Extracting pages 127 to 129 of 607...
    -> Extracting pages 130 to 132 of 607...
    -> Extracting pages 133 to 135 of 607...
    -> Extracting pages 136 to 138 of 607...
    -> Extracting pages 139 to 141 of 607...
    -> Extracting pages 142 to 144 of 607...
    -> Extracting pages 145 to 147 of 607...
    -> Extracting pages 148 to 150 of 607...
    -> Extracting pages 151 to 153 of 607...
    -> Extracting pages 154 to 156 of 607...
    -> Extracting pages 157 to 159 of 607...
    -> Extracting pages 160 to 162 of 607...
    -> Extracting pages 163 to 165 of 607...
    -> Extracting pages 166 to 168 of 607...
    -> Extracting pages 169 to 171 of 607...
    -> Extracting pages 172 to 174 of 607...
    -> Extracting pages 175 to 177 of 607...
    -> Extracting pages 178 to 180 of 607...
    -> Extracting pages 181 to 183 of 607...
    -> Extracting pages 184 to 186 of 607...
    -> Extracting pages 187 to 189 of 607...
    -> Extracting pages 190 to 192 of 607...
    -> Extracting pages 193 to 195 of 607...
    -> Extracting pages 196 to 198 of 607...
    -> Extracting pages 199 to 201 of 607...
    -> Extracting pages 202 to 204 of 607...
    -> Extracting pages 205 to 207 of 607...
    -> Extracting pages 208 to 210 of 607...
    -> Extracting pages 211 to 213 of 607...
    -> Extracting pages 214 to 216 of 607...
    -> Extracting pages 217 to 219 of 607...
    -> Extracting pages 220 to 222 of 607...
    -> Extracting pages 223 to 225 of 607...
    -> Extracting pages 226 to 228 of 607...
    -> Extracting pages 229 to 231 of 607...
    -> Extracting pages 232 to 234 of 607...
    -> Extracting pages 235 to 237 of 607...
    -> Extracting pages 238 to 240 of 607...
    -> Extracting pages 241 to 243 of 607...
    -> Extracting pages 244 to 246 of 607...
    -> Extracting pages 247 to 249 of 607...
    -> Extracting pages 250 to 252 of 607...
    -> Extracting pages 253 to 255 of 607...
    -> Extracting pages 256 to 258 of 607...
    -> Extracting pages 259 to 261 of 607...
    -> Extracting pages 262 to 264 of 607...
    -> Extracting pages 265 to 267 of 607...
    -> Extracting pages 268 to 270 of 607...
    -> Extracting pages 271 to 273 of 607...
    -> Extracting pages 274 to 276 of 607...
    -> Extracting pages 277 to 279 of 607...
    -> Extracting pages 280 to 282 of 607...
    -> Extracting pages 283 to 285 of 607...
    -> Extracting pages 286 to 288 of 607...
    -> Extracting pages 289 to 291 of 607...
    -> Extracting pages 292 to 294 of 607...
    -> Extracting pages 295 to 297 of 607...
    -> Extracting pages 298 to 300 of 607...
    -> Extracting pages 301 to 303 of 607...
    -> Extracting pages 304 to 306 of 607...
    -> Extracting pages 307 to 309 of 607...
    -> Extracting pages 310 to 312 of 607...
    -> Extracting pages 313 to 315 of 607...
    -> Extracting pages 316 to 318 of 607...
    -> Extracting pages 319 to 321 of 607...
    -> Extracting pages 322 to 324 of 607...
    -> Extracting pages 325 to 327 of 607...
    -> Extracting pages 328 to 330 of 607...
    -> Extracting pages 331 to 333 of 607...
    -> Extracting pages 334 to 336 of 607...
    -> Extracting pages 337 to 339 of 607...
    -> Extracting pages 340 to 342 of 607...
    -> Extracting pages 343 to 345 of 607...
    -> Extracting pages 346 to 348 of 607...
    -> Extracting pages 349 to 351 of 607...
    -> Extracting pages 352 to 354 of 607...
    -> Extracting pages 355 to 357 of 607...
    -> Extracting pages 358 to 360 of 607...
    -> Extracting pages 361 to 363 of 607...
    -> Extracting pages 364 to 366 of 607...
    -> Extracting pages 367 to 369 of 607...
    -> Extracting pages 370 to 372 of 607...
    -> Extracting pages 373 to 375 of 607...
    -> Extracting pages 376 to 378 of 607...
    -> Extracting pages 379 to 381 of 607...
    -> Extracting pages 382 to 384 of 607...
    -> Extracting pages 385 to 387 of 607...
    -> Extracting pages 388 to 390 of 607...
    -> Extracting pages 391 to 393 of 607...
    -> Extracting pages 394 to 396 of 607...
    -> Extracting pages 397 to 399 of 607...
    -> Extracting pages 400 to 402 of 607...
    -> Extracting pages 403 to 405 of 607...
    -> Extracting pages 406 to 408 of 607...
    -> Extracting pages 409 to 411 of 607...
    -> Extracting pages 412 to 414 of 607...
    -> Extracting pages 415 to 417 of 607...
    -> Extracting pages 418 to 420 of 607...
    -> Extracting pages 421 to 423 of 607...
    -> Extracting pages 424 to 426 of 607...
    -> Extracting pages 427 to 429 of 607...
    -> Extracting pages 430 to 432 of 607...
    -> Extracting pages 433 to 435 of 607...
    -> Extracting pages 436 to 438 of 607...
    -> Extracting pages 439 to 441 of 607...
    -> Extracting pages 442 to 444 of 607...
    -> Extracting pages 445 to 447 of 607...
    -> Extracting pages 448 to 450 of 607...
    -> Extracting pages 451 to 453 of 607...
    -> Extracting pages 454 to 456 of 607...
    -> Extracting pages 457 to 459 of 607...
    -> Extracting pages 460 to 462 of 607...
    -> Extracting pages 463 to 465 of 607...
    -> Extracting pages 466 to 468 of 607...
    -> Extracting pages 469 to 471 of 607...
    -> Extracting pages 472 to 474 of 607...
    -> Extracting pages 475 to 477 of 607...
    -> Extracting pages 478 to 480 of 607...
    -> Extracting pages 481 to 483 of 607...
    -> Extracting pages 484 to 486 of 607...
    -> Extracting pages 487 to 489 of 607...
    -> Extracting pages 490 to 492 of 607...
    -> Extracting pages 493 to 495 of 607...
    -> Extracting pages 496 to 498 of 607...
    -> Extracting pages 499 to 501 of 607...
    -> Extracting pages 502 to 504 of 607...
    -> Extracting pages 505 to 507 of 607...
    -> Extracting pages 508 to 510 of 607...
    -> Extracting pages 511 to 513 of 607...
    -> Extracting pages 514 to 516 of 607...
    -> Extracting pages 517 to 519 of 607...
    -> Extracting pages 520 to 522 of 607...
    -> Extracting pages 523 to 525 of 607...
    -> Extracting pages 526 to 528 of 607...
    -> Extracting pages 529 to 531 of 607...
    -> Extracting pages 532 to 534 of 607...
    -> Extracting pages 535 to 537 of 607...
    -> Extracting pages 538 to 540 of 607...
    -> Extracting pages 541 to 543 of 607...
    -> Extracting pages 544 to 546 of 607...
    -> Extracting pages 547 to 549 of 607...
    -> Extracting pages 550 to 552 of 607...warning: The `fitz` API is deprecated and will be removed in future. Use `import pymupdf` instead.
[*] Stage 1: Extracting gordon_baym_qm.pdf...
    -> Skipping pages 1 to 3 of 607 (Already processed)...
    -> Skipping pages 4 to 6 of 607 (Already processed)...
    -> Skipping pages 7 to 9 of 607 (Already processed)...
    -> Skipping pages 10 to 12 of 607 (Already processed)...
    -> Skipping pages 13 to 15 of 607 (Already processed)...
    -> Skipping pages 16 to 18 of 607 (Already processed)...
    -> Skipping pages 19 to 21 of 607 (Already processed)...
    -> Skipping pages 22 to 24 of 607 (Already processed)...
    -> Skipping pages 25 to 27 of 607 (Already processed)...
    -> Skipping pages 28 to 30 of 607 (Already processed)...
    -> Skipping pages 31 to 33 of 607 (Already processed)...
    -> Skipping pages 34 to 36 of 607 (Already processed)...
    -> Skipping pages 37 to 39 of 607 (Already processed)...
    -> Skipping pages 40 to 42 of 607 (Already processed)...
    -> Skipping pages 43 to 45 of 607 (Already processed)...
    -> Skipping pages 46 to 48 of 607 (Already processed)...
    -> Skipping pages 49 to 51 of 607 (Already processed)...
    -> Skipping pages 52 to 54 of 607 (Already processed)...
    -> Skipping pages 55 to 57 of 607 (Already processed)...
    -> Skipping pages 58 to 60 of 607 (Already processed)...
    -> Skipping pages 61 to 63 of 607 (Already processed)...
    -> Skipping pages 64 to 66 of 607 (Already processed)...
    -> Skipping pages 67 to 69 of 607 (Already processed)...
    -> Skipping pages 70 to 72 of 607 (Already processed)...
    -> Skipping pages 73 to 75 of 607 (Already processed)...
    -> Skipping pages 76 to 78 of 607 (Already processed)...
    -> Skipping pages 79 to 81 of 607 (Already processed)...
    -> Skipping pages 82 to 84 of 607 (Already processed)...
    -> Skipping pages 85 to 87 of 607 (Already processed)...
    -> Skipping pages 88 to 90 of 607 (Already processed)...
    -> Skipping pages 91 to 93 of 607 (Already processed)...
    -> Skipping pages 94 to 96 of 607 (Already processed)...
    -> Skipping pages 97 to 99 of 607 (Already processed)...
    -> Skipping pages 100 to 102 of 607 (Already processed)...
    -> Skipping pages 103 to 105 of 607 (Already processed)...
    -> Skipping pages 106 to 108 of 607 (Already processed)...
    -> Skipping pages 109 to 111 of 607 (Already processed)...
    -> Skipping pages 112 to 114 of 607 (Already processed)...
    -> Skipping pages 115 to 117 of 607 (Already processed)...
    -> Skipping pages 118 to 120 of 607 (Already processed)...
    -> Skipping pages 121 to 123 of 607 (Already processed)...
    -> Skipping pages 124 to 126 of 607 (Already processed)...
    -> Skipping pages 127 to 129 of 607 (Already processed)...
    -> Skipping pages 130 to 132 of 607 (Already processed)...
    -> Skipping pages 133 to 135 of 607 (Already processed)...
    -> Skipping pages 136 to 138 of 607 (Already processed)...
    -> Skipping pages 139 to 141 of 607 (Already processed)...
    -> Skipping pages 142 to 144 of 607 (Already processed)...
    -> Skipping pages 145 to 147 of 607 (Already processed)...
    -> Skipping pages 148 to 150 of 607 (Already processed)...
    -> Skipping pages 151 to 153 of 607 (Already processed)...
    -> Skipping pages 154 to 156 of 607 (Already processed)...
    -> Skipping pages 157 to 159 of 607 (Already processed)...
    -> Skipping pages 160 to 162 of 607 (Already processed)...
    -> Skipping pages 163 to 165 of 607 (Already processed)...
    -> Skipping pages 166 to 168 of 607 (Already processed)...
    -> Skipping pages 169 to 171 of 607 (Already processed)...
    -> Skipping pages 172 to 174 of 607 (Already processed)...
    -> Skipping pages 175 to 177 of 607 (Already processed)...
    -> Skipping pages 178 to 180 of 607 (Already processed)...
    -> Skipping pages 181 to 183 of 607 (Already processed)...
    -> Skipping pages 184 to 186 of 607 (Already processed)...
    -> Skipping pages 187 to 189 of 607 (Already processed)...
    -> Skipping pages 190 to 192 of 607 (Already processed)...
    -> Skipping pages 193 to 195 of 607 (Already processed)...
    -> Skipping pages 196 to 198 of 607 (Already processed)...
    -> Skipping pages 199 to 201 of 607 (Already processed)...
    -> Skipping pages 202 to 204 of 607 (Already processed)...
    -> Skipping pages 205 to 207 of 607 (Already processed)...
    -> Skipping pages 208 to 210 of 607 (Already processed)...
    -> Skipping pages 211 to 213 of 607 (Already processed)...
    -> Skipping pages 214 to 216 of 607 (Already processed)...
    -> Skipping pages 217 to 219 of 607 (Already processed)...
    -> Skipping pages 220 to 222 of 607 (Already processed)...
    -> Skipping pages 223 to 225 of 607 (Already processed)...
    -> Skipping pages 226 to 228 of 607 (Already processed)...
    -> Skipping pages 229 to 231 of 607 (Already processed)...
    -> Skipping pages 232 to 234 of 607 (Already processed)...
    -> Skipping pages 235 to 237 of 607 (Already processed)...
    -> Skipping pages 238 to 240 of 607 (Already processed)...
    -> Skipping pages 241 to 243 of 607 (Already processed)...
    -> Skipping pages 244 to 246 of 607 (Already processed)...
    -> Skipping pages 247 to 249 of 607 (Already processed)...
    -> Skipping pages 250 to 252 of 607 (Already processed)...
    -> Skipping pages 253 to 255 of 607 (Already processed)...
    -> Skipping pages 256 to 258 of 607 (Already processed)...
    -> Skipping pages 259 to 261 of 607 (Already processed)...
    -> Skipping pages 262 to 264 of 607 (Already processed)...
    -> Skipping pages 265 to 267 of 607 (Already processed)...
    -> Skipping pages 268 to 270 of 607 (Already processed)...
    -> Skipping pages 271 to 273 of 607 (Already processed)...
    -> Skipping pages 274 to 276 of 607 (Already processed)...
    -> Skipping pages 277 to 279 of 607 (Already processed)...
    -> Skipping pages 280 to 282 of 607 (Already processed)...
    -> Skipping pages 283 to 285 of 607 (Already processed)...
    -> Skipping pages 286 to 288 of 607 (Already processed)...
    -> Skipping pages 289 to 291 of 607 (Already processed)...
    -> Skipping pages 292 to 294 of 607 (Already processed)...
    -> Skipping pages 295 to 297 of 607 (Already processed)...
    -> Skipping pages 298 to 300 of 607 (Already processed)...
    -> Skipping pages 301 to 303 of 607 (Already processed)...
    -> Skipping pages 304 to 306 of 607 (Already processed)...
    -> Skipping pages 307 to 309 of 607 (Already processed)...
    -> Skipping pages 310 to 312 of 607 (Already processed)...
    -> Skipping pages 313 to 315 of 607 (Already processed)...
    -> Skipping pages 316 to 318 of 607 (Already processed)...
    -> Skipping pages 319 to 321 of 607 (Already processed)...
    -> Skipping pages 322 to 324 of 607 (Already processed)...
    -> Skipping pages 325 to 327 of 607 (Already processed)...
    -> Skipping pages 328 to 330 of 607 (Already processed)...
    -> Skipping pages 331 to 333 of 607 (Already processed)...
    -> Skipping pages 334 to 336 of 607 (Already processed)...
    -> Skipping pages 337 to 339 of 607 (Already processed)...
    -> Skipping pages 340 to 342 of 607 (Already processed)...
    -> Skipping pages 343 to 345 of 607 (Already processed)...
    -> Skipping pages 346 to 348 of 607 (Already processed)...
    -> Skipping pages 349 to 351 of 607 (Already processed)...
    -> Skipping pages 352 to 354 of 607 (Already processed)...
    -> Skipping pages 355 to 357 of 607 (Already processed)...
    -> Skipping pages 358 to 360 of 607 (Already processed)...
    -> Skipping pages 361 to 363 of 607 (Already processed)...
    -> Skipping pages 364 to 366 of 607 (Already processed)...
    -> Skipping pages 367 to 369 of 607 (Already processed)...
    -> Skipping pages 370 to 372 of 607 (Already processed)...
    -> Skipping pages 373 to 375 of 607 (Already processed)...
    -> Skipping pages 376 to 378 of 607 (Already processed)...
    -> Skipping pages 379 to 381 of 607 (Already processed)...
    -> Skipping pages 382 to 384 of 607 (Already processed)...
    -> Skipping pages 385 to 387 of 607 (Already processed)...
    -> Skipping pages 388 to 390 of 607 (Already processed)...
    -> Skipping pages 391 to 393 of 607 (Already processed)...
    -> Skipping pages 394 to 396 of 607 (Already processed)...
    -> Skipping pages 397 to 399 of 607 (Already processed)...
    -> Skipping pages 400 to 402 of 607 (Already processed)...
    -> Skipping pages 403 to 405 of 607 (Already processed)...
    -> Skipping pages 406 to 408 of 607 (Already processed)...
    -> Skipping pages 409 to 411 of 607 (Already processed)...
    -> Skipping pages 412 to 414 of 607 (Already processed)...
    -> Skipping pages 415 to 417 of 607 (Already processed)...
    -> Skipping pages 418 to 420 of 607 (Already processed)...
    -> Skipping pages 421 to 423 of 607 (Already processed)...
    -> Skipping pages 424 to 426 of 607 (Already processed)...
    -> Skipping pages 427 to 429 of 607 (Already processed)...
    -> Skipping pages 430 to 432 of 607 (Already processed)...
    -> Skipping pages 433 to 435 of 607 (Already processed)...
    -> Skipping pages 436 to 438 of 607 (Already processed)...
    -> Skipping pages 439 to 441 of 607 (Already processed)...
    -> Skipping pages 442 to 444 of 607 (Already processed)...
    -> Skipping pages 445 to 447 of 607 (Already processed)...
    -> Skipping pages 448 to 450 of 607 (Already processed)...
    -> Skipping pages 451 to 453 of 607 (Already processed)...
    -> Skipping pages 454 to 456 of 607 (Already processed)...
    -> Skipping pages 457 to 459 of 607 (Already processed)...
    -> Skipping pages 460 to 462 of 607 (Already processed)...
    -> Skipping pages 463 to 465 of 607 (Already processed)...
    -> Skipping pages 466 to 468 of 607 (Already processed)...
    -> Skipping pages 469 to 471 of 607 (Already processed)...
    -> Skipping pages 472 to 474 of 607 (Already processed)...
    -> Skipping pages 475 to 477 of 607 (Already processed)...
    -> Skipping pages 478 to 480 of 607 (Already processed)...
    -> Skipping pages 481 to 483 of 607 (Already processed)...
    -> Skipping pages 484 to 486 of 607 (Already processed)...
    -> Skipping pages 487 to 489 of 607 (Already processed)...
    -> Skipping pages 490 to 492 of 607 (Already processed)...
    -> Skipping pages 493 to 495 of 607 (Already processed)...
    -> Skipping pages 496 to 498 of 607 (Already processed)...
    -> Skipping pages 499 to 501 of 607 (Already processed)...
    -> Skipping pages 502 to 504 of 607 (Already processed)...
    -> Skipping pages 505 to 507 of 607 (Already processed)...
    -> Skipping pages 508 to 510 of 607 (Already processed)...
    -> Skipping pages 511 to 513 of 607 (Already processed)...
    -> Skipping pages 514 to 516 of 607 (Already processed)...
    -> Skipping pages 517 to 519 of 607 (Already processed)...
    -> Skipping pages 520 to 522 of 607 (Already processed)...
    -> Skipping pages 523 to 525 of 607 (Already processed)...
    -> Skipping pages 526 to 528 of 607 (Already processed)...
    -> Skipping pages 529 to 531 of 607 (Already processed)...
    -> Skipping pages 532 to 534 of 607 (Already processed)...
    -> Skipping pages 535 to 537 of 607 (Already processed)...
    -> Skipping pages 538 to 540 of 607 (Already processed)...
    -> Skipping pages 541 to 543 of 607 (Already processed)...
    -> Skipping pages 544 to 546 of 607 (Already processed)...
    -> Skipping pages 547 to 549 of 607 (Already processed)...
    -> Skipping pages 550 to 552 of 607 (Already processed)...
    -> Skipping pages 553 to 555 of 607 (Already processed)...
    -> Skipping pages 556 to 558 of 607 (Already processed)...
    -> Skipping pages 559 to 561 of 607 (Already processed)...
    -> Skipping pages 562 to 564 of 607 (Already processed)...
    -> Skipping pages 565 to 567 of 607 (Already processed)...
    -> Skipping pages 568 to 570 of 607 (Already processed)...
    -> Skipping pages 571 to 573 of 607 (Already processed)...
    -> Skipping pages 574 to 576 of 607 (Already processed)...
    -> Skipping pages 577 to 579 of 607 (Already processed)...
    -> Skipping pages 580 to 582 of 607 (Already processed)...
    -> Skipping pages 583 to 585 of 607 (Already processed)...
    -> Skipping pages 586 to 588 of 607 (Already processed)...
    -> Skipping pages 589 to 591 of 607 (Already processed)...
    -> Skipping pages 592 to 594 of 607 (Already processed)...
    -> Skipping pages 595 to 597 of 607 (Already processed)...
    -> Skipping pages 598 to 600 of 607 (Already processed)...
    -> Extracting pages 601 to 603 of 607...
    -> Extracting pages 604 to 606 of 607...
    -> Extracting pages 607 to 607 of 607...
[*] All chunks extracted and successfully aggregated.
[!] WARNING: DVC failed to track /home/lucas/Projects/pdf_ingestion_pipeline/data/02_segmented/gordon_baym_qm.json. Bypassing tracking constraint to continue pipeline.
    DVC Stderr: ERROR: bad DVC file name 'data/02_segmented/gordon_baym_qm.json.dvc' is git-ignored.
[*] Stage 1.5: Routing visual assets and injecting placeholders...
[*] Stage 2: Deterministic Cross-Page Stitching...
[!] WARNING: DVC failed to track /home/lucas/Projects/pdf_ingestion_pipeline/data/03_stitched/gordon_baym_qm.json. Bypassing tracking constraint to continue pipeline.
    DVC Stderr: ERROR: bad DVC file name 'data/03_stitched/gordon_baym_qm.json.dvc' is git-ignored.
[*] Stage 3: Agent Verification Hook...
[*] Orchestrator: Starting agentic verification of 607 pages...
    -> Agent verifying pages 1 to 2...
    -> Agent verifying pages 3 to 4...
    -> Agent verifying pages 5 to 6...
    -> Agent verifying pages 7 to 8...
    -> Agent verifying pages 9 to 10...
    -> Agent verifying pages 11 to 12...
    -> Agent verifying pages 13 to 14...
    -> Agent verifying pages 15 to 16...
    -> Agent verifying pages 17 to 18...
    -> Agent verifying pages 19 to 20...
    -> Agent verifying pages 21 to 22...
    -> Agent verifying pages 23 to 24...
    -> Agent verifying pages 25 to 26...
    -> Agent verifying pages 27 to 28...
    -> Agent verifying pages 29 to 30...
    -> Agent verifying pages 31 to 32...
    -> Agent verifying pages 33 to 34...
    -> Agent verifying pages 35 to 36...
    -> Agent verifying pages 37 to 38...
    -> Agent verifying pages 39 to 40...
    -> Agent verifying pages 41 to 42...
    -> Agent verifying pages 43 to 44...
    -> Agent verifying pages 45 to 46...
    -> Agent verifying pages 47 to 48...
    -> Agent verifying pages 49 to 50...
    -> Agent verifying pages 51 to 52...
    -> Agent verifying pages 53 to 54...
    -> Agent verifying pages 55 to 56...
    -> Agent verifying pages 57 to 58...
    -> Agent verifying pages 59 to 60...
    -> Agent verifying pages 61 to 62...
    -> Agent verifying pages 63 to 64...
    -> Agent verifying pages 65 to 66...
    -> Agent verifying pages 67 to 68...
    -> Agent verifying pages 69 to 70...
    -> Agent verifying pages 71 to 72...
    -> Agent verifying pages 73 to 74...
    -> Agent verifying pages 75 to 76...
    -> Agent verifying pages 77 to 78...
    -> Agent verifying pages 79 to 80...
    -> Agent verifying pages 81 to 82...
    -> Agent verifying pages 83 to 84...
    -> Agent verifying pages 85 to 86...
    -> Agent verifying pages 87 to 88...
    -> Agent verifying pages 89 to 90...
    -> Agent verifying pages 91 to 92...
    -> Agent verifying pages 93 to 94...
    -> Agent verifying pages 95 to 96...
    -> Agent verifying pages 97 to 98...
    -> Agent verifying pages 99 to 100...
    -> Agent verifying pages 101 to 102...
    -> Agent verifying pages 103 to 104...
    -> Agent verifying pages 105 to 106...
    -> Agent verifying pages 107 to 108...
    -> Agent verifying pages 109 to 110...
    -> Agent verifying pages 111 to 112...
    -> Agent verifying pages 113 to 114...
    -> Agent verifying pages 115 to 116...
    -> Agent verifying pages 117 to 118...
    -> Agent verifying pages 119 to 120...
    -> Agent verifying pages 121 to 122...
    -> Agent verifying pages 123 to 124...
    -> Agent verifying pages 125 to 126...
    -> Agent verifying pages 127 to 128...
    -> Agent verifying pages 129 to 130...
    -> Agent verifying pages 131 to 132...
    -> Agent verifying pages 133 to 134...
    -> Agent verifying pages 135 to 136...
    -> Agent verifying pages 137 to 138...
    -> Agent verifying pages 139 to 140...
    -> Agent verifying pages 141 to 142...
    -> Agent verifying pages 143 to 144...
    -> Agent verifying pages 145 to 146...
    -> Agent verifying pages 147 to 148...
    -> Agent verifying pages 149 to 150...
    -> Agent verifying pages 151 to 152...
    -> Agent verifying pages 153 to 154...
    -> Agent verifying pages 155 to 156...
    -> Agent verifying pages 157 to 158...
    -> Agent verifying pages 159 to 160...
    -> Agent verifying pages 161 to 162...
    -> Agent verifying pages 163 to 164...
    -> Agent verifying pages 165 to 166...
    -> Agent verifying pages 167 to 168...
    -> Agent verifying pages 169 to 170...
    -> Agent verifying pages 171 to 172...
    -> Agent verifying pages 173 to 174...
    -> Agent verifying pages 175 to 176...
    -> Agent verifying pages 177 to 178...
    -> Agent verifying pages 179 to 180...
    -> Agent verifying pages 181 to 182...
    -> Agent verifying pages 183 to 184...
    -> Agent verifying pages 185 to 186...
    -> Agent verifying pages 187 to 188...
    -> Agent verifying pages 189 to 190...
    -> Agent verifying pages 191 to 192...
    -> Agent verifying pages 193 to 194...
    -> Agent verifying pages 195 to 196...
    -> Agent verifying pages 197 to 198...
    -> Agent verifying pages 199 to 200...
    -> Agent verifying pages 201 to 202...
    -> Agent verifying pages 203 to 204...
    -> Agent verifying pages 205 to 206...
    -> Agent verifying pages 207 to 208...
    -> Agent verifying pages 209 to 210...
    -> Agent verifying pages 211 to 212...
    -> Agent verifying pages 213 to 214...
    -> Agent verifying pages 215 to 216...
    -> Agent verifying pages 217 to 218...
    -> Agent verifying pages 219 to 220...
    -> Agent verifying pages 221 to 222...
    -> Agent verifying pages 223 to 224...
    -> Agent verifying pages 225 to 226...
    -> Agent verifying pages 227 to 228...
    -> Agent verifying pages 229 to 230...
    -> Agent verifying pages 231 to 232...
    -> Agent verifying pages 233 to 234...
    -> Agent verifying pages 235 to 236...
    -> Agent verifying pages 237 to 238...
    -> Agent verifying pages 239 to 240...
    -> Agent verifying pages 241 to 242...
    -> Agent verifying pages 243 to 244...
    -> Agent verifying pages 245 to 246...
    -> Agent verifying pages 247 to 248...
    -> Agent verifying pages 249 to 250...
    -> Agent verifying pages 251 to 252...
    -> Agent verifying pages 253 to 254...
    -> Agent verifying pages 255 to 256...
    -> Agent verifying pages 257 to 258...
    -> Agent verifying pages 259 to 260...
    -> Agent verifying pages 261 to 262...
    -> Agent verifying pages 263 to 264...
    -> Agent verifying pages 265 to 266...
    -> Agent verifying pages 267 to 268...
    -> Agent verifying pages 269 to 270...
    -> Agent verifying pages 271 to 272...
    -> Agent verifying pages 273 to 274...
    -> Agent verifying pages 275 to 276...
    -> Agent verifying pages 277 to 278...
    -> Agent verifying pages 279 to 280...
    -> Agent verifying pages 281 to 282...
    -> Agent verifying pages 283 to 284...
    -> Agent verifying pages 285 to 286...
    -> Agent verifying pages 287 to 288...
    -> Agent verifying pages 289 to 290...
    -> Agent verifying pages 291 to 292...
    -> Agent verifying pages 293 to 294...
    -> Agent verifying pages 295 to 296...
    -> Agent verifying pages 297 to 298...
    -> Agent verifying pages 299 to 300...
    -> Agent verifying pages 301 to 302...
    -> Agent verifying pages 303 to 304...
    -> Agent verifying pages 305 to 306...
    -> Agent verifying pages 307 to 308...
    -> Agent verifying pages 309 to 310...
    -> Agent verifying pages 311 to 312...
    -> Agent verifying pages 313 to 314...
    -> Agent verifying pages 315 to 316...
    -> Agent verifying pages 317 to 318...
    -> Agent verifying pages 319 to 320...
    -> Agent verifying pages 321 to 322...
    -> Agent verifying pages 323 to 324...
    -> Agent verifying pages 325 to 326...
    -> Agent verifying pages 327 to 328...
    -> Agent verifying pages 329 to 330...
    -> Agent verifying pages 331 to 332...
    -> Agent verifying pages 333 to 334...
    -> Agent verifying pages 335 to 336...
    -> Agent verifying pages 337 to 338...
    -> Agent verifying pages 339 to 340...
    -> Agent verifying pages 341 to 342...
    -> Agent verifying pages 343 to 344...
    -> Agent verifying pages 345 to 346...
    -> Agent verifying pages 347 to 348...
    -> Agent verifying pages 349 to 350...
    -> Agent verifying pages 351 to 352...
    -> Agent verifying pages 353 to 354...
    -> Agent verifying pages 355 to 356...
    -> Agent verifying pages 357 to 358...
    -> Agent verifying pages 359 to 360...
    -> Agent verifying pages 361 to 362...
    -> Agent verifying pages 363 to 364...
    -> Agent verifying pages 365 to 366...
    -> Agent verifying pages 367 to 368...
    -> Agent verifying pages 369 to 370...
    -> Agent verifying pages 371 to 372...
    -> Agent verifying pages 373 to 374...
    -> Agent verifying pages 375 to 376...
    -> Agent verifying pages 377 to 378...
    -> Agent verifying pages 379 to 380...
    -> Agent verifying pages 381 to 382...
    -> Agent verifying pages 383 to 384...
    -> Agent verifying pages 385 to 386...
    -> Agent verifying pages 387 to 388...
    -> Agent verifying pages 389 to 390...
    -> Agent verifying pages 391 to 392...
    -> Agent verifying pages 393 to 394...
    -> Agent verifying pages 395 to 396...
    -> Agent verifying pages 397 to 398...
    -> Agent verifying pages 399 to 400...
    -> Agent verifying pages 401 to 402...
    -> Agent verifying pages 403 to 404...
    -> Agent verifying pages 405 to 406...
    -> Agent verifying pages 407 to 408...
    -> Agent verifying pages 409 to 410...
    -> Agent verifying pages 411 to 412...
    -> Agent verifying pages 413 to 414...
    -> Agent verifying pages 415 to 416...
    -> Agent verifying pages 417 to 418...
    -> Agent verifying pages 419 to 420...
    -> Agent verifying pages 421 to 422...
    -> Agent verifying pages 423 to 424...
    -> Agent verifying pages 425 to 426...
    -> Agent verifying pages 427 to 428...
    -> Agent verifying pages 429 to 430...
    -> Agent verifying pages 431 to 432...
    -> Agent verifying pages 433 to 434...
    -> Agent verifying pages 435 to 436...
    -> Agent verifying pages 437 to 438...
    -> Agent verifying pages 439 to 440...
    -> Agent verifying pages 441 to 442...
    -> Agent verifying pages 443 to 444...
    -> Agent verifying pages 445 to 446...
    -> Agent verifying pages 447 to 448...
    -> Agent verifying pages 449 to 450...
    -> Agent verifying pages 451 to 452...
    -> Agent verifying pages 453 to 454...
    -> Agent verifying pages 455 to 456...
    -> Agent verifying pages 457 to 458...
    -> Agent verifying pages 459 to 460...
    -> Agent verifying pages 461 to 462...
    -> Agent verifying pages 463 to 464...
    -> Agent verifying pages 465 to 466...
    -> Agent verifying pages 467 to 468...
    -> Agent verifying pages 469 to 470...
    -> Agent verifying pages 471 to 472...
    -> Agent verifying pages 473 to 474...
    -> Agent verifying pages 475 to 476...
    -> Agent verifying pages 477 to 478...
    -> Agent verifying pages 479 to 480...
    -> Agent verifying pages 481 to 482...
    -> Agent verifying pages 483 to 484...
    -> Agent verifying pages 485 to 486...
    -> Agent verifying pages 487 to 488...
    -> Agent verifying pages 489 to 490...
    -> Agent verifying pages 491 to 492...
    -> Agent verifying pages 493 to 494...
    -> Agent verifying pages 495 to 496...
    -> Agent verifying pages 497 to 498...
    -> Agent verifying pages 499 to 500...
    -> Agent verifying pages 501 to 502...
    -> Agent verifying pages 503 to 504...
    -> Agent verifying pages 505 to 506...
    -> Agent verifying pages 507 to 508...
    -> Agent verifying pages 509 to 510...
    -> Agent verifying pages 511 to 512...
    -> Agent verifying pages 513 to 514...
    -> Agent verifying pages 515 to 516...
    -> Agent verifying pages 517 to 518...
    -> Agent verifying pages 519 to 520...
    -> Agent verifying pages 521 to 522...
    -> Agent verifying pages 523 to 524...
    -> Agent verifying pages 525 to 526...
    -> Agent verifying pages 527 to 528...
    -> Agent verifying pages 529 to 530...
    -> Agent verifying pages 531 to 532...
    -> Agent verifying pages 533 to 534...
    -> Agent verifying pages 535 to 536...
    -> Agent verifying pages 537 to 538...
    -> Agent verifying pages 539 to 540...
    -> Agent verifying pages 541 to 542...
    -> Agent verifying pages 543 to 544...
    -> Agent verifying pages 545 to 546...
    -> Agent verifying pages 547 to 548...
    -> Agent verifying pages 549 to 550...
    -> Agent verifying pages 551 to 552...
    -> Agent verifying pages 553 to 554...
    -> Agent verifying pages 555 to 556...
    -> Agent verifying pages 557 to 558...
    -> Agent verifying pages 559 to 560...
    -> Agent verifying pages 561 to 562...
    -> Agent verifying pages 563 to 564...
    -> Agent verifying pages 565 to 566...
    -> Agent verifying pages 567 to 568...
    -> Agent verifying pages 569 to 570...
    -> Agent verifying pages 571 to 572...
    -> Agent verifying pages 573 to 574...
    -> Agent verifying pages 575 to 576...
    -> Agent verifying pages 577 to 578...
    -> Agent verifying pages 579 to 580...
    -> Agent verifying pages 581 to 582...
    -> Agent verifying pages 583 to 584...
    -> Agent verifying pages 585 to 586...
    -> Agent verifying pages 587 to 588...
    -> Agent verifying pages 589 to 590...
    -> Agent verifying pages 591 to 592...
    -> Agent verifying pages 593 to 594...
    -> Agent verifying pages 595 to 596...
    -> Agent verifying pages 597 to 598...
    -> Agent verifying pages 599 to 600...
    -> Agent verifying pages 601 to 602...
    -> Agent verifying pages 603 to 604...
    -> Agent verifying pages 605 to 606...
    -> Agent verifying pages 607 to 607...
[!] WARNING: DVC failed to track /home/lucas/Projects/pdf_ingestion_pipeline/data/04_verified/gordon_baym_qm.json. Bypassing tracking constraint to continue pipeline.
    DVC Stderr: ERROR: bad DVC file name 'data/04_verified/gordon_baym_qm.json.dvc' is git-ignored.
[*] Stage 4: Semantic Chunking and Assembly...
[*] Pipeline execution complete. Outputs generated in 06_final_md and 07_final_tex.
[*] Pipeline completed successfully.
warning: The `fitz` API is deprecated and will be removed in future. Use `import pymupdf` instead.
[*] Stage 1: Extracting gordon_baym_qm.pdf...
    -> Extracting pages 1 to 3 of 607...
    -> Extracting pages 4 to 6 of 607...
    -> Extracting pages 7 to 9 of 607...
    -> Extracting pages 10 to 12 of 607...
    -> Extracting pages 13 to 15 of 607...
    -> Extracting pages 16 to 18 of 607...
    -> Extracting pages 19 to 21 of 607...
    -> Extracting pages 22 to 24 of 607...
    -> Extracting pages 25 to 27 of 607...
    -> Extracting pages 28 to 30 of 607...
    -> Extracting pages 31 to 33 of 607...
    -> Extracting pages 34 to 36 of 607...
    -> Extracting pages 37 to 39 of 607...
    -> Extracting pages 40 to 42 of 607...
    -> Extracting pages 43 to 45 of 607...
    -> Extracting pages 46 to 48 of 607...
    -> Extracting pages 49 to 51 of 607...
    -> Extracting pages 52 to 54 of 607...
    -> Extracting pages 55 to 57 of 607...
    -> Extracting pages 58 to 60 of 607...
    -> Extracting pages 61 to 63 of 607...
    -> Extracting pages 64 to 66 of 607...
    -> Extracting pages 67 to 69 of 607...
    -> Extracting pages 70 to 72 of 607...
    -> Extracting pages 73 to 75 of 607...
    -> Extracting pages 76 to 78 of 607...
    -> Extracting pages 79 to 81 of 607...
    -> Extracting pages 82 to 84 of 607...
    -> Extracting pages 85 to 87 of 607...
    -> Extracting pages 88 to 90 of 607...
    -> Extracting pages 91 to 93 of 607...
    -> Extracting pages 94 to 96 of 607...
    -> Extracting pages 97 to 99 of 607...
    -> Extracting pages 100 to 102 of 607...
    -> Extracting pages 103 to 105 of 607...
    -> Extracting pages 106 to 108 of 607...
    -> Extracting pages 109 to 111 of 607...
    -> Extracting pages 112 to 114 of 607...
    -> Extracting pages 115 to 117 of 607...
    -> Extracting pages 118 to 120 of 607...
    -> Extracting pages 121 to 123 of 607...
    -> Extracting pages 124 to 126 of 607...
    -> Extracting pages 127 to 129 of 607...
    -> Extracting pages 130 to 132 of 607...
    -> Extracting pages 133 to 135 of 607...
    -> Extracting pages 136 to 138 of 607...
    -> Extracting pages 139 to 141 of 607...
    -> Extracting pages 142 to 144 of 607...
    -> Extracting pages 145 to 147 of 607...
    -> Extracting pages 148 to 150 of 607...
    -> Extracting pages 151 to 153 of 607...
    -> Extracting pages 154 to 156 of 607...
    -> Extracting pages 157 to 159 of 607...
    -> Extracting pages 160 to 162 of 607...
    -> Extracting pages 163 to 165 of 607...
    -> Extracting pages 166 to 168 of 607...
    -> Extracting pages 169 to 171 of 607...
    -> Extracting pages 172 to 174 of 607...
    -> Extracting pages 175 to 177 of 607...
    -> Extracting pages 178 to 180 of 607...
    -> Extracting pages 181 to 183 of 607...
    -> Extracting pages 184 to 186 of 607...
    -> Extracting pages 187 to 189 of 607...
    -> Extracting pages 190 to 192 of 607...
    -> Extracting pages 193 to 195 of 607...
    -> Extracting pages 196 to 198 of 607...
    -> Extracting pages 199 to 201 of 607...
    -> Extracting pages 202 to 204 of 607...
    -> Extracting pages 205 to 207 of 607...
    -> Extracting pages 208 to 210 of 607...
    -> Extracting pages 211 to 213 of 607...
    -> Extracting pages 214 to 216 of 607...
    -> Extracting pages 217 to 219 of 607...
    -> Extracting pages 220 to 222 of 607...
    -> Extracting pages 223 to 225 of 607...
    -> Extracting pages 226 to 228 of 607...
    -> Extracting pages 229 to 231 of 607...
    -> Extracting pages 232 to 234 of 607...
    -> Extracting pages 235 to 237 of 607...
    -> Extracting pages 238 to 240 of 607...
    -> Extracting pages 241 to 243 of 607...
    -> Extracting pages 244 to 246 of 607...
    -> Extracting pages 247 to 249 of 607...
    -> Extracting pages 250 to 252 of 607...
    -> Extracting pages 253 to 255 of 607...
    -> Extracting pages 256 to 258 of 607...
    -> Extracting pages 259 to 261 of 607...
    -> Extracting pages 262 to 264 of 607...
    -> Extracting pages 265 to 267 of 607...
    -> Extracting pages 268 to 270 of 607...
    -> Extracting pages 271 to 273 of 607...
    -> Extracting pages 274 to 276 of 607...
    -> Extracting pages 277 to 279 of 607...
    -> Extracting pages 280 to 282 of 607...
    -> Extracting pages 283 to 285 of 607...
    -> Extracting pages 286 to 288 of 607...
    -> Extracting pages 289 to 291 of 607...
    -> Extracting pages 292 to 294 of 607...
    -> Extracting pages 295 to 297 of 607...
    -> Extracting pages 298 to 300 of 607...
    -> Extracting pages 301 to 303 of 607...
    -> Extracting pages 304 to 306 of 607...
    -> Extracting pages 307 to 309 of 607...
    -> Extracting pages 310 to 312 of 607...
    -> Extracting pages 313 to 315 of 607...
    -> Extracting pages 316 to 318 of 607...
    -> Extracting pages 319 to 321 of 607...
    -> Extracting pages 322 to 324 of 607...
    -> Extracting pages 325 to 327 of 607...
    -> Extracting pages 328 to 330 of 607...
    -> Extracting pages 331 to 333 of 607...
    -> Extracting pages 334 to 336 of 607...
    -> Extracting pages 337 to 339 of 607...
    -> Extracting pages 340 to 342 of 607...
    -> Extracting pages 343 to 345 of 607...
    -> Extracting pages 346 to 348 of 607...
    -> Extracting pages 349 to 351 of 607...
    -> Extracting pages 352 to 354 of 607...
    -> Extracting pages 355 to 357 of 607...
    -> Extracting pages 358 to 360 of 607...
    -> Extracting pages 361 to 363 of 607...
    -> Extracting pages 364 to 366 of 607...
    -> Extracting pages 367 to 369 of 607...
    -> Extracting pages 370 to 372 of 607...
    -> Extracting pages 373 to 375 of 607...
    -> Extracting pages 376 to 378 of 607...
    -> Extracting pages 379 to 381 of 607...
    -> Extracting pages 382 to 384 of 607...
    -> Extracting pages 385 to 387 of 607...
    -> Extracting pages 388 to 390 of 607...
    -> Extracting pages 391 to 393 of 607...
    -> Extracting pages 394 to 396 of 607...
    -> Extracting pages 397 to 399 of 607...
    -> Extracting pages 400 to 402 of 607...
    -> Extracting pages 403 to 405 of 607...
    -> Extracting pages 406 to 408 of 607...
    -> Extracting pages 409 to 411 of 607...
    -> Extracting pages 412 to 414 of 607...
    -> Extracting pages 415 to 417 of 607...
    -> Extracting pages 418 to 420 of 607...
    -> Extracting pages 421 to 423 of 607...
    -> Extracting pages 424 to 426 of 607...
    -> Extracting pages 427 to 429 of 607...
    -> Extracting pages 430 to 432 of 607...
    -> Extracting pages 433 to 435 of 607...
    -> Extracting pages 436 to 438 of 607...
    -> Extracting pages 439 to 441 of 607...
    -> Extracting pages 442 to 444 of 607...
    -> Extracting pages 445 to 447 of 607...
    -> Extracting pages 448 to 450 of 607...
    -> Extracting pages 451 to 453 of 607...
    -> Extracting pages 454 to 456 of 607...
    -> Extracting pages 457 to 459 of 607...
    -> Extracting pages 460 to 462 of 607...
    -> Extracting pages 463 to 465 of 607...
    -> Extracting pages 466 to 468 of 607...
    -> Extracting pages 469 to 471 of 607...
    -> Extracting pages 472 to 474 of 607...
    -> Extracting pages 475 to 477 of 607...
    -> Extracting pages 478 to 480 of 607...
    -> Extracting pages 481 to 483 of 607...
    -> Extracting pages 484 to 486 of 607...
    -> Extracting pages 487 to 489 of 607...
    -> Extracting pages 490 to 492 of 607...
    -> Extracting pages 493 to 495 of 607...
    -> Extracting pages 496 to 498 of 607...
    -> Extracting pages 499 to 501 of 607...
    -> Extracting pages 502 to 504 of 607...
    -> Extracting pages 505 to 507 of 607...
    -> Extracting pages 508 to 510 of 607...
    -> Extracting pages 511 to 513 of 607...
    -> Extracting pages 514 to 516 of 607...
    -> Extracting pages 517 to 519 of 607...
    -> Extracting pages 520 to 522 of 607...
    -> Extracting pages 523 to 525 of 607...
    -> Extracting pages 526 to 528 of 607...
    -> Extracting pages 529 to 531 of 607...
    -> Extracting pages 532 to 534 of 607...
    -> Extracting pages 535 to 537 of 607...
    -> Extracting pages 538 to 540 of 607...
    -> Extracting pages 541 to 543 of 607...
    -> Extracting pages 544 to 546 of 607...
    -> Extracting pages 547 to 549 of 607...
    -> Extracting pages 550 to 552 of 607...
    -> Extracting pages 553 to 555 of 607...
    -> Extracting pages 556 to 558 of 607...
    -> Extracting pages 559 to 561 of 607...
    -> Extracting pages 562 to 564 of 607...
    -> Extracting pages 565 to 567 of 607...
    -> Extracting pages 568 to 570 of 607...
    -> Extracting pages 571 to 573 of 607...
    -> Extracting pages 574 to 576 of 607...
    -> Extracting pages 577 to 579 of 607...
    -> Extracting pages 580 to 582 of 607...
    -> Extracting pages 583 to 585 of 607...
    -> Extracting pages 586 to 588 of 607...
    -> Extracting pages 589 to 591 of 607...
    -> Extracting pages 592 to 594 of 607...
    -> Extracting pages 595 to 597 of 607...
    -> Extracting pages 598 to 600 of 607...
    -> Extracting pages 601 to 603 of 607...
    -> Extracting pages 604 to 606 of 607...
    -> Extracting pages 607 to 607 of 607...
[*] All chunks extracted and successfully aggregated.
[!] WARNING: DVC failed to track /home/lucas/Projects/pdf_ingestion_pipeline/data/02_segmented/gordon_baym_qm.json. Bypassing tracking constraint to continue pipeline.
    DVC Stderr: ERROR: bad DVC file name 'data/02_segmented/gordon_baym_qm.json.dvc' is git-ignored.
[*] Stage 1.5: Routing visual assets and injecting placeholders...
[*] Stage 2: Deterministic Cross-Page Stitching...
[!] WARNING: DVC failed to track /home/lucas/Projects/pdf_ingestion_pipeline/data/03_stitched/gordon_baym_qm.json. Bypassing tracking constraint to continue pipeline.
    DVC Stderr: ERROR: bad DVC file name 'data/03_stitched/gordon_baym_qm.json.dvc' is git-ignored.
[*] Stage 3: Agent Verification Hook...
[*] Orchestrator: Starting agentic verification of 607 pages...
    -> Agent verifying pages 1 to 2...
    -> Agent verifying pages 3 to 4...
    -> Agent verifying pages 5 to 6...
    -> Agent verifying pages 7 to 8...
    -> Agent verifying pages 9 to 10...
    -> Agent verifying pages 11 to 12...
    -> Agent verifying pages 13 to 14...
    -> Agent verifying pages 15 to 16...
    -> Agent verifying pages 17 to 18...
    -> Agent verifying pages 19 to 20...
    -> Agent verifying pages 21 to 22...
    -> Agent verifying pages 23 to 24...
    -> Agent verifying pages 25 to 26...
    -> Agent verifying pages 27 to 28...
    -> Agent verifying pages 29 to 30...
    -> Agent verifying pages 31 to 32...
    -> Agent verifying pages 33 to 34...
    -> Agent verifying pages 35 to 36...
    -> Agent verifying pages 37 to 38...
    -> Agent verifying pages 39 to 40...
    -> Agent verifying pages 41 to 42...
    -> Agent verifying pages 43 to 44...
    -> Agent verifying pages 45 to 46...
    -> Agent verifying pages 47 to 48...
    -> Agent verifying pages 49 to 50...
    -> Agent verifying pages 51 to 52...
    -> Agent verifying pages 53 to 54...
    -> Agent verifying pages 55 to 56...
    -> Agent verifying pages 57 to 58...
    -> Agent verifying pages 59 to 60...
    -> Agent verifying pages 61 to 62...
    -> Agent verifying pages 63 to 64...
    -> Agent verifying pages 65 to 66...
    -> Agent verifying pages 67 to 68...
    -> Agent verifying pages 69 to 70...
    -> Agent verifying pages 71 to 72...
    -> Agent verifying pages 73 to 74...
    -> Agent verifying pages 75 to 76...
    -> Agent verifying pages 77 to 78...
    -> Agent verifying pages 79 to 80...
    -> Agent verifying pages 81 to 82...
    -> Agent verifying pages 83 to 84...
    -> Agent verifying pages 85 to 86...
    -> Agent verifying pages 87 to 88...
    -> Agent verifying pages 89 to 90...
    -> Agent verifying pages 91 to 92...
    -> Agent verifying pages 93 to 94...
    -> Agent verifying pages 95 to 96...
    -> Agent verifying pages 97 to 98...
    -> Agent verifying pages 99 to 100...
    -> Agent verifying pages 101 to 102...
    -> Agent verifying pages 103 to 104...
    -> Agent verifying pages 105 to 106...
    -> Agent verifying pages 107 to 108...
    -> Agent verifying pages 109 to 110...
    -> Agent verifying pages 111 to 112...
    -> Agent verifying pages 113 to 114...
    -> Agent verifying pages 115 to 116...
    -> Agent verifying pages 117 to 118...
    -> Agent verifying pages 119 to 120...
    -> Agent verifying pages 121 to 122...
    -> Agent verifying pages 123 to 124...
    -> Agent verifying pages 125 to 126...
    -> Agent verifying pages 127 to 128...
    -> Agent verifying pages 129 to 130...
    -> Agent verifying pages 131 to 132...
    -> Agent verifying pages 133 to 134...
    -> Agent verifying pages 135 to 136...
    -> Agent verifying pages 137 to 138...
    -> Agent verifying pages 139 to 140...
    -> Agent verifying pages 141 to 142...
    -> Agent verifying pages 143 to 144...
    -> Agent verifying pages 145 to 146...
    -> Agent verifying pages 147 to 148...
    -> Agent verifying pages 149 to 150...
    -> Agent verifying pages 151 to 152...
    -> Agent verifying pages 153 to 154...
    -> Agent verifying pages 155 to 156...
    -> Agent verifying pages 157 to 158...
    -> Agent verifying pages 159 to 160...
    -> Agent verifying pages 161 to 162...
    -> Agent verifying pages 163 to 164...
    -> Agent verifying pages 165 to 166...
    -> Agent verifying pages 167 to 168...
    -> Agent verifying pages 169 to 170...
    -> Agent verifying pages 171 to 172...
    -> Agent verifying pages 173 to 174...
    -> Agent verifying pages 175 to 176...
    -> Agent verifying pages 177 to 178...
    -> Agent verifying pages 179 to 180...
    -> Agent verifying pages 181 to 182...
    -> Agent verifying pages 183 to 184...
    -> Agent verifying pages 185 to 186...
    -> Agent verifying pages 187 to 188...
    -> Agent verifying pages 189 to 190...
    -> Agent verifying pages 191 to 192...
    -> Agent verifying pages 193 to 194...
    -> Agent verifying pages 195 to 196...
    -> Agent verifying pages 197 to 198...
    -> Agent verifying pages 199 to 200...
    -> Agent verifying pages 201 to 202...
    -> Agent verifying pages 203 to 204...
    -> Agent verifying pages 205 to 206...
    -> Agent verifying pages 207 to 208...
    -> Agent verifying pages 209 to 210...
    -> Agent verifying pages 211 to 212...
    -> Agent verifying pages 213 to 214...
    -> Agent verifying pages 215 to 216...
    -> Agent verifying pages 217 to 218...
    -> Agent verifying pages 219 to 220...
    -> Agent verifying pages 221 to 222...
    -> Agent verifying pages 223 to 224...
    -> Agent verifying pages 225 to 226...
    -> Agent verifying pages 227 to 228...
    -> Agent verifying pages 229 to 230...
    -> Agent verifying pages 231 to 232...
    -> Agent verifying pages 233 to 234...
    -> Agent verifying pages 235 to 236...
    -> Agent verifying pages 237 to 238...
    -> Agent verifying pages 239 to 240...
    -> Agent verifying pages 241 to 242...
    -> Agent verifying pages 243 to 244...
    -> Agent verifying pages 245 to 246...
    -> Agent verifying pages 247 to 248...
    -> Agent verifying pages 249 to 250...
    -> Agent verifying pages 251 to 252...
    -> Agent verifying pages 253 to 254...
    -> Agent verifying pages 255 to 256...
    -> Agent verifying pages 257 to 258...
    -> Agent verifying pages 259 to 260...
    -> Agent verifying pages 261 to 262...
    -> Agent verifying pages 263 to 264...
    -> Agent verifying pages 265 to 266...
    -> Agent verifying pages 267 to 268...
    -> Agent verifying pages 269 to 270...
    -> Agent verifying pages 271 to 272...
    -> Agent verifying pages 273 to 274...
    -> Agent verifying pages 275 to 276...
    -> Agent verifying pages 277 to 278...
    -> Agent verifying pages 279 to 280...
    -> Agent verifying pages 281 to 282...
    -> Agent verifying pages 283 to 284...
    -> Agent verifying pages 285 to 286...
    -> Agent verifying pages 287 to 288...
    -> Agent verifying pages 289 to 290...
    -> Agent verifying pages 291 to 292...
    -> Agent verifying pages 293 to 294...
    -> Agent verifying pages 295 to 296...
    -> Agent verifying pages 297 to 298...
    -> Agent verifying pages 299 to 300...
    -> Agent verifying pages 301 to 302...
    -> Agent verifying pages 303 to 304...
    -> Agent verifying pages 305 to 306...
    -> Agent verifying pages 307 to 308...
    -> Agent verifying pages 309 to 310...
    -> Agent verifying pages 311 to 312...
    -> Agent verifying pages 313 to 314...
    -> Agent verifying pages 315 to 316...
    -> Agent verifying pages 317 to 318...
    -> Agent verifying pages 319 to 320...
    -> Agent verifying pages 321 to 322...
    -> Agent verifying pages 323 to 324...
    -> Agent verifying pages 325 to 326...
    -> Agent verifying pages 327 to 328...
    -> Agent verifying pages 329 to 330...
    -> Agent verifying pages 331 to 332...
    -> Agent verifying pages 333 to 334...
    -> Agent verifying pages 335 to 336...
    -> Agent verifying pages 337 to 338...
    -> Agent verifying pages 339 to 340...
    -> Agent verifying pages 341 to 342...
    -> Agent verifying pages 343 to 344...
    -> Agent verifying pages 345 to 346...
    -> Agent verifying pages 347 to 348...
    -> Agent verifying pages 349 to 350...
    -> Agent verifying pages 351 to 352...
    -> Agent verifying pages 353 to 354...
    -> Agent verifying pages 355 to 356...
    -> Agent verifying pages 357 to 358...
    -> Agent verifying pages 359 to 360...
    -> Agent verifying pages 361 to 362...
    -> Agent verifying pages 363 to 364...
    -> Agent verifying pages 365 to 366...
    -> Agent verifying pages 367 to 368...
    -> Agent verifying pages 369 to 370...
    -> Agent verifying pages 371 to 372...
    -> Agent verifying pages 373 to 374...
    -> Agent verifying pages 375 to 376...
    -> Agent verifying pages 377 to 378...
    -> Agent verifying pages 379 to 380...
    -> Agent verifying pages 381 to 382...
    -> Agent verifying pages 383 to 384...
    -> Agent verifying pages 385 to 386...
    -> Agent verifying pages 387 to 388...
    -> Agent verifying pages 389 to 390...
    -> Agent verifying pages 391 to 392...
    -> Agent verifying pages 393 to 394...
    -> Agent verifying pages 395 to 396...
    -> Agent verifying pages 397 to 398...
    -> Agent verifying pages 399 to 400...
    -> Agent verifying pages 401 to 402...
    -> Agent verifying pages 403 to 404...
    -> Agent verifying pages 405 to 406...
    -> Agent verifying pages 407 to 408...
    -> Agent verifying pages 409 to 410...
    -> Agent verifying pages 411 to 412...
    -> Agent verifying pages 413 to 414...
    -> Agent verifying pages 415 to 416...
    -> Agent verifying pages 417 to 418...
    -> Agent verifying pages 419 to 420...
    -> Agent verifying pages 421 to 422...
    -> Agent verifying pages 423 to 424...
    -> Agent verifying pages 425 to 426...
    -> Agent verifying pages 427 to 428...
    -> Agent verifying pages 429 to 430...
    -> Agent verifying pages 431 to 432...
    -> Agent verifying pages 433 to 434...
    -> Agent verifying pages 435 to 436...
    -> Agent verifying pages 437 to 438...
    -> Agent verifying pages 439 to 440...
    -> Agent verifying pages 441 to 442...
    -> Agent verifying pages 443 to 444...
    -> Agent verifying pages 445 to 446...
    -> Agent verifying pages 447 to 448...
    -> Agent verifying pages 449 to 450...
    -> Agent verifying pages 451 to 452...
    -> Agent verifying pages 453 to 454...
    -> Agent verifying pages 455 to 456...
    -> Agent verifying pages 457 to 458...
    -> Agent verifying pages 459 to 460...
    -> Agent verifying pages 461 to 462...
    -> Agent verifying pages 463 to 464...
    -> Agent verifying pages 465 to 466...
    -> Agent verifying pages 467 to 468...
    -> Agent verifying pages 469 to 470...
    -> Agent verifying pages 471 to 472...
    -> Agent verifying pages 473 to 474...
    -> Agent verifying pages 475 to 476...
    -> Agent verifying pages 477 to 478...
    -> Agent verifying pages 479 to 480...
    -> Agent verifying pages 481 to 482...
    -> Agent verifying pages 483 to 484...
    -> Agent verifying pages 485 to 486...
    -> Agent verifying pages 487 to 488...
    -> Agent verifying pages 489 to 490...
    -> Agent verifying pages 491 to 492...
    -> Agent verifying pages 493 to 494...
    -> Agent verifying pages 495 to 496...
    -> Agent verifying pages 497 to 498...
    -> Agent verifying pages 499 to 500...
    -> Agent verifying pages 501 to 502...
    -> Agent verifying pages 503 to 504...
    -> Agent verifying pages 505 to 506...
    -> Agent verifying pages 507 to 508...
    -> Agent verifying pages 509 to 510...
    -> Agent verifying pages 511 to 512...
    -> Agent verifying pages 513 to 514...
    -> Agent verifying pages 515 to 516...
    -> Agent verifying pages 517 to 518...
    -> Agent verifying pages 519 to 520...
    -> Agent verifying pages 521 to 522...
    -> Agent verifying pages 523 to 524...
    -> Agent verifying pages 525 to 526...
    -> Agent verifying pages 527 to 528...
    -> Agent verifying pages 529 to 530...
    -> Agent verifying pages 531 to 532...
    -> Agent verifying pages 533 to 534...
    -> Agent verifying pages 535 to 536...
    -> Agent verifying pages 537 to 538...
    -> Agent verifying pages 539 to 540...
    -> Agent verifying pages 541 to 542...
    -> Agent verifying pages 543 to 544...
    -> Agent verifying pages 545 to 546...
    -> Agent verifying pages 547 to 548...
    -> Agent verifying pages 549 to 550...
    -> Agent verifying pages 551 to 552...
    -> Agent verifying pages 553 to 554...
    -> Agent verifying pages 555 to 556...
    -> Agent verifying pages 557 to 558...
    -> Agent verifying pages 559 to 560...
    -> Agent verifying pages 561 to 562...
    -> Agent verifying pages 563 to 564...
    -> Agent verifying pages 565 to 566...
    -> Agent verifying pages 567 to 568...
    -> Agent verifying pages 569 to 570...
    -> Agent verifying pages 571 to 572...
    -> Agent verifying pages 573 to 574...
    -> Agent verifying pages 575 to 576...
    -> Agent verifying pages 577 to 578...
    -> Agent verifying pages 579 to 580...
    -> Agent verifying pages 581 to 582...
    -> Agent verifying pages 583 to 584...
    -> Agent verifying pages 585 to 586...
    -> Agent verifying pages 587 to 588...
    -> Agent verifying pages 589 to 590...
    -> Agent verifying pages 591 to 592...
    -> Agent verifying pages 593 to 594...
    -> Agent verifying pages 595 to 596...
    -> Agent verifying pages 597 to 598...
    -> Agent verifying pages 599 to 600...
    -> Agent verifying pages 601 to 602...
    -> Agent verifying pages 603 to 604...
    -> Agent verifying pages 605 to 606...
    -> Agent verifying pages 607 to 607...
[!] WARNING: DVC failed to track /home/lucas/Projects/pdf_ingestion_pipeline/data/04_verified/gordon_baym_qm.json. Bypassing tracking constraint to continue pipeline.
    DVC Stderr: ERROR: bad DVC file name 'data/04_verified/gordon_baym_qm.json.dvc' is git-ignored.
[*] Stage 4: Semantic Chunking and Assembly...
Traceback (most recent call last):
  File "/home/lucas/Projects/pdf_ingestion_pipeline/src/main.py", line 96, in <module>
    cli()
  File "/home/lucas/Projects/pdf_ingestion_pipeline/.venv/lib/python3.12/site-packages/click/core.py", line 1631, in __call__
    return self.main(*args, **kwargs)
           ^^^^^^^^^^^^^^^^^^^^^^^^^^
  File "/home/lucas/Projects/pdf_ingestion_pipeline/.venv/lib/python3.12/site-packages/click/core.py", line 1552, in main
    rv = self.invoke(ctx)
         ^^^^^^^^^^^^^^^^
  File "/home/lucas/Projects/pdf_ingestion_pipeline/.venv/lib/python3.12/site-packages/click/core.py", line 2032, in invoke
    return _process_result(sub_ctx.command.invoke(sub_ctx))
                           ^^^^^^^^^^^^^^^^^^^^^^^^^^^^^^^
  File "/home/lucas/Projects/pdf_ingestion_pipeline/.venv/lib/python3.12/site-packages/click/core.py", line 1415, in invoke
    return ctx.invoke(self.callback, **ctx.params)
           ^^^^^^^^^^^^^^^^^^^^^^^^^^^^^^^^^^^^^^^
  File "/home/lucas/Projects/pdf_ingestion_pipeline/.venv/lib/python3.12/site-packages/click/core.py", line 910, in invoke
    return callback(*args, **kwargs)
           ^^^^^^^^^^^^^^^^^^^^^^^^^
  File "/home/lucas/Projects/pdf_ingestion_pipeline/src/main.py", line 91, in run_pipeline
    assembler.assemble(verified_data)
  File "/home/lucas/Projects/pdf_ingestion_pipeline/src/core/assembler.py", line 95, in assemble
    self._write_markdown(chunk)
  File "/home/lucas/Projects/pdf_ingestion_pipeline/src/core/assembler.py", line 116, in _write_markdown
    md_file.write_text(md_content, encoding="utf-8")
  File "/usr/lib/python3.12/pathlib.py", line 1049, in write_text
    with self.open(mode='w', encoding=encoding, errors=errors, newline=newline) as f:
         ^^^^^^^^^^^^^^^^^^^^^^^^^^^^^^^^^^^^^^^^^^^^^^^^^^^^^^^^^^^^^^^^^^^^^^
  File "/usr/lib/python3.12/pathlib.py", line 1015, in open
    return io.open(self, mode, buffering, encoding, errors, newline)
           ^^^^^^^^^^^^^^^^^^^^^^^^^^^^^^^^^^^^^^^^^^^^^^^^^^^^^^^^^
OSError: [Errno 36] File name too long: '/home/lucas/Projects/pdf_ingestion_pipeline/data/06_final_md/01_00_The_probability_amplitude_for_two_successive_possibilities_is_the_product_of_the_amplitudes_for_the_individual_possibilities_eg_the_amplitude_for_the_x_polarized_photon_to_be_right_circularly_polarized_and_for_the_right_circularly_polarized_photon_to_pass_through_the_y_polaroid_is_R_x_y_R_the_product_of_the_individual_amplitudes.md'
ERROR: Pipeline failed with exit code 1.
warning: The `fitz` API is deprecated and will be removed in future. Use `import pymupdf` instead.
[*] Stage 1: Loading existing extraction from /home/lucas/Projects/pdf_ingestion_pipeline/data/02_segmented/gordon_baym_qm.json...
[*] Stage 1.5: Routing visual assets and injecting placeholders...
[*] Stage 2: Deterministic Cross-Page Stitching...
[!] WARNING: DVC failed to track /home/lucas/Projects/pdf_ingestion_pipeline/data/03_stitched/gordon_baym_qm.json. Bypassing tracking constraint to continue pipeline.
    DVC Stderr: ERROR: bad DVC file name 'data/03_stitched/gordon_baym_qm.json.dvc' is git-ignored.
[*] Stage 3: Agent Verification Hook...
[*] Orchestrator: Starting agentic verification of 607 pages...
    -> Agent verifying pages 1 to 2...
    -> Agent verifying pages 3 to 4...
    -> Agent verifying pages 5 to 6...
    -> Agent verifying pages 7 to 8...
    -> Agent verifying pages 9 to 10...
    -> Agent verifying pages 11 to 12...
    -> Agent verifying pages 13 to 14...
    -> Agent verifying pages 15 to 16...
    -> Agent verifying pages 17 to 18...
    -> Agent verifying pages 19 to 20...
    -> Agent verifying pages 21 to 22...
    -> Agent verifying pages 23 to 24...
    -> Agent verifying pages 25 to 26...
    -> Agent verifying pages 27 to 28...
    -> Agent verifying pages 29 to 30...
    -> Agent verifying pages 31 to 32...
    -> Agent verifying pages 33 to 34...
    -> Agent verifying pages 35 to 36...
    -> Agent verifying pages 37 to 38...
    -> Agent verifying pages 39 to 40...
    -> Agent verifying pages 41 to 42...
    -> Agent verifying pages 43 to 44...
    -> Agent verifying pages 45 to 46...
    -> Agent verifying pages 47 to 48...
    -> Agent verifying pages 49 to 50...
    -> Agent verifying pages 51 to 52...
    -> Agent verifying pages 53 to 54...
    -> Agent verifying pages 55 to 56...
    -> Agent verifying pages 57 to 58...
    -> Agent verifying pages 59 to 60...
    -> Agent verifying pages 61 to 62...
    -> Agent verifying pages 63 to 64...
    -> Agent verifying pages 65 to 66...
    -> Agent verifying pages 67 to 68...
    -> Agent verifying pages 69 to 70...
    -> Agent verifying pages 71 to 72...
    -> Agent verifying pages 73 to 74...
    -> Agent verifying pages 75 to 76...
    -> Agent verifying pages 77 to 78...
    -> Agent verifying pages 79 to 80...
    -> Agent verifying pages 81 to 82...
    -> Agent verifying pages 83 to 84...
    -> Agent verifying pages 85 to 86...
    -> Agent verifying pages 87 to 88...
    -> Agent verifying pages 89 to 90...
    -> Agent verifying pages 91 to 92...
    -> Agent verifying pages 93 to 94...
    -> Agent verifying pages 95 to 96...
    -> Agent verifying pages 97 to 98...
    -> Agent verifying pages 99 to 100...
    -> Agent verifying pages 101 to 102...
    -> Agent verifying pages 103 to 104...
    -> Agent verifying pages 105 to 106...
    -> Agent verifying pages 107 to 108...
    -> Agent verifying pages 109 to 110...
    -> Agent verifying pages 111 to 112...
    -> Agent verifying pages 113 to 114...
    -> Agent verifying pages 115 to 116...
    -> Agent verifying pages 117 to 118...
    -> Agent verifying pages 119 to 120...
    -> Agent verifying pages 121 to 122...
    -> Agent verifying pages 123 to 124...
    -> Agent verifying pages 125 to 126...
    -> Agent verifying pages 127 to 128...
    -> Agent verifying pages 129 to 130...
    -> Agent verifying pages 131 to 132...
    -> Agent verifying pages 133 to 134...
    -> Agent verifying pages 135 to 136...
    -> Agent verifying pages 137 to 138...
    -> Agent verifying pages 139 to 140...
    -> Agent verifying pages 141 to 142...
    -> Agent verifying pages 143 to 144...
    -> Agent verifying pages 145 to 146...
    -> Agent verifying pages 147 to 148...
    -> Agent verifying pages 149 to 150...
    -> Agent verifying pages 151 to 152...
    -> Agent verifying pages 153 to 154...
    -> Agent verifying pages 155 to 156...
    -> Agent verifying pages 157 to 158...
    -> Agent verifying pages 159 to 160...
    -> Agent verifying pages 161 to 162...
    -> Agent verifying pages 163 to 164...
    -> Agent verifying pages 165 to 166...
    -> Agent verifying pages 167 to 168...
    -> Agent verifying pages 169 to 170...
    -> Agent verifying pages 171 to 172...
    -> Agent verifying pages 173 to 174...
    -> Agent verifying pages 175 to 176...
    -> Agent verifying pages 177 to 178...
    -> Agent verifying pages 179 to 180...
    -> Agent verifying pages 181 to 182...
    -> Agent verifying pages 183 to 184...
    -> Agent verifying pages 185 to 186...
    -> Agent verifying pages 187 to 188...
    -> Agent verifying pages 189 to 190...
    -> Agent verifying pages 191 to 192...
    -> Agent verifying pages 193 to 194...
    -> Agent verifying pages 195 to 196...
    -> Agent verifying pages 197 to 198...
    -> Agent verifying pages 199 to 200...
    -> Agent verifying pages 201 to 202...
    -> Agent verifying pages 203 to 204...
    -> Agent verifying pages 205 to 206...
    -> Agent verifying pages 207 to 208...
    -> Agent verifying pages 209 to 210...
    -> Agent verifying pages 211 to 212...
    -> Agent verifying pages 213 to 214...
    -> Agent verifying pages 215 to 216...
    -> Agent verifying pages 217 to 218...
    -> Agent verifying pages 219 to 220...
    -> Agent verifying pages 221 to 222...
    -> Agent verifying pages 223 to 224...
    -> Agent verifying pages 225 to 226...
    -> Agent verifying pages 227 to 228...
    -> Agent verifying pages 229 to 230...
    -> Agent verifying pages 231 to 232...
    -> Agent verifying pages 233 to 234...
    -> Agent verifying pages 235 to 236...
    -> Agent verifying pages 237 to 238...
    -> Agent verifying pages 239 to 240...
    -> Agent verifying pages 241 to 242...
    -> Agent verifying pages 243 to 244...
    -> Agent verifying pages 245 to 246...
    -> Agent verifying pages 247 to 248...
    -> Agent verifying pages 249 to 250...
    -> Agent verifying pages 251 to 252...
    -> Agent verifying pages 253 to 254...
    -> Agent verifying pages 255 to 256...
    -> Agent verifying pages 257 to 258...
    -> Agent verifying pages 259 to 260...
    -> Agent verifying pages 261 to 262...
    -> Agent verifying pages 263 to 264...
    -> Agent verifying pages 265 to 266...
    -> Agent verifying pages 267 to 268...
    -> Agent verifying pages 269 to 270...
    -> Agent verifying pages 271 to 272...
    -> Agent verifying pages 273 to 274...
    -> Agent verifying pages 275 to 276...
    -> Agent verifying pages 277 to 278...
    -> Agent verifying pages 279 to 280...
    -> Agent verifying pages 281 to 282...
    -> Agent verifying pages 283 to 284...
    -> Agent verifying pages 285 to 286...
    -> Agent verifying pages 287 to 288...
    -> Agent verifying pages 289 to 290...
    -> Agent verifying pages 291 to 292...
    -> Agent verifying pages 293 to 294...
    -> Agent verifying pages 295 to 296...
    -> Agent verifying pages 297 to 298...
    -> Agent verifying pages 299 to 300...
    -> Agent verifying pages 301 to 302...
    -> Agent verifying pages 303 to 304...
    -> Agent verifying pages 305 to 306...
    -> Agent verifying pages 307 to 308...
    -> Agent verifying pages 309 to 310...
    -> Agent verifying pages 311 to 312...
    -> Agent verifying pages 313 to 314...
    -> Agent verifying pages 315 to 316...
    -> Agent verifying pages 317 to 318...
    -> Agent verifying pages 319 to 320...
    -> Agent verifying pages 321 to 322...
    -> Agent verifying pages 323 to 324...
    -> Agent verifying pages 325 to 326...
    -> Agent verifying pages 327 to 328...
    -> Agent verifying pages 329 to 330...
    -> Agent verifying pages 331 to 332...
    -> Agent verifying pages 333 to 334...
    -> Agent verifying pages 335 to 336...
    -> Agent verifying pages 337 to 338...
    -> Agent verifying pages 339 to 340...
    -> Agent verifying pages 341 to 342...
    -> Agent verifying pages 343 to 344...
    -> Agent verifying pages 345 to 346...
    -> Agent verifying pages 347 to 348...
    -> Agent verifying pages 349 to 350...
    -> Agent verifying pages 351 to 352...
    -> Agent verifying pages 353 to 354...
    -> Agent verifying pages 355 to 356...
    -> Agent verifying pages 357 to 358...
    -> Agent verifying pages 359 to 360...
    -> Agent verifying pages 361 to 362...
    -> Agent verifying pages 363 to 364...
    -> Agent verifying pages 365 to 366...
    -> Agent verifying pages 367 to 368...
    -> Agent verifying pages 369 to 370...
    -> Agent verifying pages 371 to 372...
    -> Agent verifying pages 373 to 374...
    -> Agent verifying pages 375 to 376...
    -> Agent verifying pages 377 to 378...
    -> Agent verifying pages 379 to 380...
    -> Agent verifying pages 381 to 382...
    -> Agent verifying pages 383 to 384...
    -> Agent verifying pages 385 to 386...
    -> Agent verifying pages 387 to 388...
    -> Agent verifying pages 389 to 390...
    -> Agent verifying pages 391 to 392...
    -> Agent verifying pages 393 to 394...
    -> Agent verifying pages 395 to 396...
    -> Agent verifying pages 397 to 398...
    -> Agent verifying pages 399 to 400...
    -> Agent verifying pages 401 to 402...
    -> Agent verifying pages 403 to 404...
    -> Agent verifying pages 405 to 406...
    -> Agent verifying pages 407 to 408...
    -> Agent verifying pages 409 to 410...
    -> Agent verifying pages 411 to 412...
    -> Agent verifying pages 413 to 414...
    -> Agent verifying pages 415 to 416...
    -> Agent verifying pages 417 to 418...
    -> Agent verifying pages 419 to 420...
    -> Agent verifying pages 421 to 422...
    -> Agent verifying pages 423 to 424...
    -> Agent verifying pages 425 to 426...
    -> Agent verifying pages 427 to 428...
    -> Agent verifying pages 429 to 430...
    -> Agent verifying pages 431 to 432...
    -> Agent verifying pages 433 to 434...
    -> Agent verifying pages 435 to 436...
    -> Agent verifying pages 437 to 438...
    -> Agent verifying pages 439 to 440...
    -> Agent verifying pages 441 to 442...
    -> Agent verifying pages 443 to 444...
    -> Agent verifying pages 445 to 446...
    -> Agent verifying pages 447 to 448...
    -> Agent verifying pages 449 to 450...
    -> Agent verifying pages 451 to 452...
    -> Agent verifying pages 453 to 454...
    -> Agent verifying pages 455 to 456...
    -> Agent verifying pages 457 to 458...
    -> Agent verifying pages 459 to 460...
    -> Agent verifying pages 461 to 462...
    -> Agent verifying pages 463 to 464...
    -> Agent verifying pages 465 to 466...
    -> Agent verifying pages 467 to 468...
    -> Agent verifying pages 469 to 470...
    -> Agent verifying pages 471 to 472...
    -> Agent verifying pages 473 to 474...
    -> Agent verifying pages 475 to 476...
    -> Agent verifying pages 477 to 478...
    -> Agent verifying pages 479 to 480...
    -> Agent verifying pages 481 to 482...
    -> Agent verifying pages 483 to 484...
    -> Agent verifying pages 485 to 486...
    -> Agent verifying pages 487 to 488...
    -> Agent verifying pages 489 to 490...
    -> Agent verifying pages 491 to 492...
    -> Agent verifying pages 493 to 494...
    -> Agent verifying pages 495 to 496...
    -> Agent verifying pages 497 to 498...
    -> Agent verifying pages 499 to 500...
    -> Agent verifying pages 501 to 502...
    -> Agent verifying pages 503 to 504...
    -> Agent verifying pages 505 to 506...
    -> Agent verifying pages 507 to 508...
    -> Agent verifying pages 509 to 510...
    -> Agent verifying pages 511 to 512...
    -> Agent verifying pages 513 to 514...
    -> Agent verifying pages 515 to 516...
    -> Agent verifying pages 517 to 518...
    -> Agent verifying pages 519 to 520...
    -> Agent verifying pages 521 to 522...
    -> Agent verifying pages 523 to 524...
    -> Agent verifying pages 525 to 526...
    -> Agent verifying pages 527 to 528...
    -> Agent verifying pages 529 to 530...
    -> Agent verifying pages 531 to 532...
    -> Agent verifying pages 533 to 534...
    -> Agent verifying pages 535 to 536...
    -> Agent verifying pages 537 to 538...
    -> Agent verifying pages 539 to 540...
    -> Agent verifying pages 541 to 542...
    -> Agent verifying pages 543 to 544...
    -> Agent verifying pages 545 to 546...
    -> Agent verifying pages 547 to 548...
    -> Agent verifying pages 549 to 550...
    -> Agent verifying pages 551 to 552...
    -> Agent verifying pages 553 to 554...
    -> Agent verifying pages 555 to 556...
    -> Agent verifying pages 557 to 558...
    -> Agent verifying pages 559 to 560...
    -> Agent verifying pages 561 to 562...
    -> Agent verifying pages 563 to 564...
    -> Agent verifying pages 565 to 566...
    -> Agent verifying pages 567 to 568...
    -> Agent verifying pages 569 to 570...
    -> Agent verifying pages 571 to 572...
    -> Agent verifying pages 573 to 574...
    -> Agent verifying pages 575 to 576...
    -> Agent verifying pages 577 to 578...
    -> Agent verifying pages 579 to 580...
    -> Agent verifying pages 581 to 582...
    -> Agent verifying pages 583 to 584...
    -> Agent verifying pages 585 to 586...
    -> Agent verifying pages 587 to 588...
    -> Agent verifying pages 589 to 590...
    -> Agent verifying pages 591 to 592...
    -> Agent verifying pages 593 to 594...
    -> Agent verifying pages 595 to 596...
    -> Agent verifying pages 597 to 598...
    -> Agent verifying pages 599 to 600...
    -> Agent verifying pages 601 to 602...
    -> Agent verifying pages 603 to 604...
    -> Agent verifying pages 605 to 606...
    -> Agent verifying pages 607 to 607...
[!] WARNING: DVC failed to track /home/lucas/Projects/pdf_ingestion_pipeline/data/04_verified/gordon_baym_qm.json. Bypassing tracking constraint to continue pipeline.
    DVC Stderr: ERROR: bad DVC file name 'data/04_verified/gordon_baym_qm.json.dvc' is git-ignored.
[*] Stage 4: Semantic Chunking and Assembly...
[*] Pipeline execution complete. Outputs generated in 06_final_md and 07_final_tex.
[*] Pipeline completed successfully.
warning: The `fitz` API is deprecated and will be removed in future. Use `import pymupdf` instead.
[*] Stage 1: Loading existing extraction from /home/lucas/Projects/pdf_ingestion_pipeline/data/02_segmented/gordon_baym_qm.json...
[*] Stage 1.5: Routing visual assets and injecting placeholders...
[*] Stage 2: Deterministic Cross-Page Stitching...
[!] WARNING: DVC failed to track /home/lucas/Projects/pdf_ingestion_pipeline/data/03_stitched/gordon_baym_qm.json. Bypassing tracking constraint to continue pipeline.
    DVC Stderr: ERROR: bad DVC file name 'data/03_stitched/gordon_baym_qm.json.dvc' is git-ignored.
[*] Stage 3: Agent Verification Hook...
[*] Orchestrator: Starting agentic verification of 607 pages...
    -> Agent verifying pages 1 to 2...
    -> Agent verifying pages 3 to 4...
    -> Agent verifying pages 5 to 6...
    -> Agent verifying pages 7 to 8...
    -> Agent verifying pages 9 to 10...
    -> Agent verifying pages 11 to 12...
    -> Agent verifying pages 13 to 14...
    -> Agent verifying pages 15 to 16...
    -> Agent verifying pages 17 to 18...
    -> Agent verifying pages 19 to 20...
    -> Agent verifying pages 21 to 22...
    -> Agent verifying pages 23 to 24...
    -> Agent verifying pages 25 to 26...
    -> Agent verifying pages 27 to 28...
    -> Agent verifying pages 29 to 30...
    -> Agent verifying pages 31 to 32...
    -> Agent verifying pages 33 to 34...
    -> Agent verifying pages 35 to 36...
    -> Agent verifying pages 37 to 38...
    -> Agent verifying pages 39 to 40...
    -> Agent verifying pages 41 to 42...
    -> Agent verifying pages 43 to 44...
    -> Agent verifying pages 45 to 46...
    -> Agent verifying pages 47 to 48...
    -> Agent verifying pages 49 to 50...
    -> Agent verifying pages 51 to 52...
    -> Agent verifying pages 53 to 54...
    -> Agent verifying pages 55 to 56...
    -> Agent verifying pages 57 to 58...
    -> Agent verifying pages 59 to 60...
    -> Agent verifying pages 61 to 62...
    -> Agent verifying pages 63 to 64...
    -> Agent verifying pages 65 to 66...
    -> Agent verifying pages 67 to 68...
    -> Agent verifying pages 69 to 70...
    -> Agent verifying pages 71 to 72...
    -> Agent verifying pages 73 to 74...
    -> Agent verifying pages 75 to 76...
    -> Agent verifying pages 77 to 78...
    -> Agent verifying pages 79 to 80...
    -> Agent verifying pages 81 to 82...
    -> Agent verifying pages 83 to 84...
    -> Agent verifying pages 85 to 86...
    -> Agent verifying pages 87 to 88...
    -> Agent verifying pages 89 to 90...
    -> Agent verifying pages 91 to 92...
    -> Agent verifying pages 93 to 94...
    -> Agent verifying pages 95 to 96...
    -> Agent verifying pages 97 to 98...
    -> Agent verifying pages 99 to 100...
    -> Agent verifying pages 101 to 102...
    -> Agent verifying pages 103 to 104...
    -> Agent verifying pages 105 to 106...
    -> Agent verifying pages 107 to 108...
    -> Agent verifying pages 109 to 110...
    -> Agent verifying pages 111 to 112...
    -> Agent verifying pages 113 to 114...
    -> Agent verifying pages 115 to 116...
    -> Agent verifying pages 117 to 118...
    -> Agent verifying pages 119 to 120...
    -> Agent verifying pages 121 to 122...
    -> Agent verifying pages 123 to 124...
    -> Agent verifying pages 125 to 126...
    -> Agent verifying pages 127 to 128...
    -> Agent verifying pages 129 to 130...
    -> Agent verifying pages 131 to 132...
    -> Agent verifying pages 133 to 134...
    -> Agent verifying pages 135 to 136...
    -> Agent verifying pages 137 to 138...
    -> Agent verifying pages 139 to 140...
    -> Agent verifying pages 141 to 142...
    -> Agent verifying pages 143 to 144...
    -> Agent verifying pages 145 to 146...
    -> Agent verifying pages 147 to 148...
    -> Agent verifying pages 149 to 150...
    -> Agent verifying pages 151 to 152...
    -> Agent verifying pages 153 to 154...
    -> Agent verifying pages 155 to 156...
    -> Agent verifying pages 157 to 158...
    -> Agent verifying pages 159 to 160...
    -> Agent verifying pages 161 to 162...
    -> Agent verifying pages 163 to 164...
    -> Agent verifying pages 165 to 166...
    -> Agent verifying pages 167 to 168...
    -> Agent verifying pages 169 to 170...
    -> Agent verifying pages 171 to 172...
    -> Agent verifying pages 173 to 174...
    -> Agent verifying pages 175 to 176...
    -> Agent verifying pages 177 to 178...
    -> Agent verifying pages 179 to 180...
    -> Agent verifying pages 181 to 182...
    -> Agent verifying pages 183 to 184...
    -> Agent verifying pages 185 to 186...
    -> Agent verifying pages 187 to 188...
    -> Agent verifying pages 189 to 190...
    -> Agent verifying pages 191 to 192...
    -> Agent verifying pages 193 to 194...
    -> Agent verifying pages 195 to 196...
    -> Agent verifying pages 197 to 198...
    -> Agent verifying pages 199 to 200...
    -> Agent verifying pages 201 to 202...
    -> Agent verifying pages 203 to 204...
    -> Agent verifying pages 205 to 206...
    -> Agent verifying pages 207 to 208...
    -> Agent verifying pages 209 to 210...
    -> Agent verifying pages 211 to 212...
    -> Agent verifying pages 213 to 214...
    -> Agent verifying pages 215 to 216...
    -> Agent verifying pages 217 to 218...
    -> Agent verifying pages 219 to 220...
    -> Agent verifying pages 221 to 222...
    -> Agent verifying pages 223 to 224...
    -> Agent verifying pages 225 to 226...
    -> Agent verifying pages 227 to 228...
    -> Agent verifying pages 229 to 230...
    -> Agent verifying pages 231 to 232...
    -> Agent verifying pages 233 to 234...
    -> Agent verifying pages 235 to 236...
    -> Agent verifying pages 237 to 238...
    -> Agent verifying pages 239 to 240...
    -> Agent verifying pages 241 to 242...
    -> Agent verifying pages 243 to 244...
    -> Agent verifying pages 245 to 246...
    -> Agent verifying pages 247 to 248...
    -> Agent verifying pages 249 to 250...
    -> Agent verifying pages 251 to 252...
    -> Agent verifying pages 253 to 254...
    -> Agent verifying pages 255 to 256...
    -> Agent verifying pages 257 to 258...
    -> Agent verifying pages 259 to 260...
    -> Agent verifying pages 261 to 262...
    -> Agent verifying pages 263 to 264...
    -> Agent verifying pages 265 to 266...
    -> Agent verifying pages 267 to 268...
    -> Agent verifying pages 269 to 270...
    -> Agent verifying pages 271 to 272...
    -> Agent verifying pages 273 to 274...
    -> Agent verifying pages 275 to 276...
    -> Agent verifying pages 277 to 278...
    -> Agent verifying pages 279 to 280...
    -> Agent verifying pages 281 to 282...
    -> Agent verifying pages 283 to 284...
    -> Agent verifying pages 285 to 286...
    -> Agent verifying pages 287 to 288...
    -> Agent verifying pages 289 to 290...
    -> Agent verifying pages 291 to 292...
    -> Agent verifying pages 293 to 294...
    -> Agent verifying pages 295 to 296...
    -> Agent verifying pages 297 to 298...
    -> Agent verifying pages 299 to 300...
    -> Agent verifying pages 301 to 302...
    -> Agent verifying pages 303 to 304...
    -> Agent verifying pages 305 to 306...
    -> Agent verifying pages 307 to 308...
    -> Agent verifying pages 309 to 310...
    -> Agent verifying pages 311 to 312...
    -> Agent verifying pages 313 to 314...
    -> Agent verifying pages 315 to 316...
    -> Agent verifying pages 317 to 318...
    -> Agent verifying pages 319 to 320...
    -> Agent verifying pages 321 to 322...
    -> Agent verifying pages 323 to 324...
    -> Agent verifying pages 325 to 326...
    -> Agent verifying pages 327 to 328...
    -> Agent verifying pages 329 to 330...
    -> Agent verifying pages 331 to 332...
    -> Agent verifying pages 333 to 334...
    -> Agent verifying pages 335 to 336...
    -> Agent verifying pages 337 to 338...
    -> Agent verifying pages 339 to 340...
    -> Agent verifying pages 341 to 342...
    -> Agent verifying pages 343 to 344...
    -> Agent verifying pages 345 to 346...
    -> Agent verifying pages 347 to 348...
    -> Agent verifying pages 349 to 350...
    -> Agent verifying pages 351 to 352...
    -> Agent verifying pages 353 to 354...
    -> Agent verifying pages 355 to 356...
    -> Agent verifying pages 357 to 358...
    -> Agent verifying pages 359 to 360...
    -> Agent verifying pages 361 to 362...
    -> Agent verifying pages 363 to 364...
    -> Agent verifying pages 365 to 366...
    -> Agent verifying pages 367 to 368...
    -> Agent verifying pages 369 to 370...
    -> Agent verifying pages 371 to 372...
    -> Agent verifying pages 373 to 374...
    -> Agent verifying pages 375 to 376...
    -> Agent verifying pages 377 to 378...
    -> Agent verifying pages 379 to 380...
    -> Agent verifying pages 381 to 382...
    -> Agent verifying pages 383 to 384...
    -> Agent verifying pages 385 to 386...
    -> Agent verifying pages 387 to 388...
    -> Agent verifying pages 389 to 390...
    -> Agent verifying pages 391 to 392...
    -> Agent verifying pages 393 to 394...
    -> Agent verifying pages 395 to 396...
    -> Agent verifying pages 397 to 398...
    -> Agent verifying pages 399 to 400...
    -> Agent verifying pages 401 to 402...
    -> Agent verifying pages 403 to 404...
    -> Agent verifying pages 405 to 406...
    -> Agent verifying pages 407 to 408...
    -> Agent verifying pages 409 to 410...
    -> Agent verifying pages 411 to 412...
    -> Agent verifying pages 413 to 414...
    -> Agent verifying pages 415 to 416...
    -> Agent verifying pages 417 to 418...
    -> Agent verifying pages 419 to 420...
    -> Agent verifying pages 421 to 422...
    -> Agent verifying pages 423 to 424...
    -> Agent verifying pages 425 to 426...
    -> Agent verifying pages 427 to 428...
    -> Agent verifying pages 429 to 430...
    -> Agent verifying pages 431 to 432...
    -> Agent verifying pages 433 to 434...
    -> Agent verifying pages 435 to 436...
    -> Agent verifying pages 437 to 438...
    -> Agent verifying pages 439 to 440...
    -> Agent verifying pages 441 to 442...
    -> Agent verifying pages 443 to 444...
    -> Agent verifying pages 445 to 446...
    -> Agent verifying pages 447 to 448...
    -> Agent verifying pages 449 to 450...
    -> Agent verifying pages 451 to 452...
    -> Agent verifying pages 453 to 454...
    -> Agent verifying pages 455 to 456...
    -> Agent verifying pages 457 to 458...
    -> Agent verifying pages 459 to 460...
    -> Agent verifying pages 461 to 462...
    -> Agent verifying pages 463 to 464...
    -> Agent verifying pages 465 to 466...
    -> Agent verifying pages 467 to 468...
    -> Agent verifying pages 469 to 470...
    -> Agent verifying pages 471 to 472...
    -> Agent verifying pages 473 to 474...
    -> Agent verifying pages 475 to 476...
    -> Agent verifying pages 477 to 478...
    -> Agent verifying pages 479 to 480...
    -> Agent verifying pages 481 to 482...
    -> Agent verifying pages 483 to 484...
    -> Agent verifying pages 485 to 486...
    -> Agent verifying pages 487 to 488...
    -> Agent verifying pages 489 to 490...
    -> Agent verifying pages 491 to 492...
    -> Agent verifying pages 493 to 494...
    -> Agent verifying pages 495 to 496...
    -> Agent verifying pages 497 to 498...
    -> Agent verifying pages 499 to 500...
    -> Agent verifying pages 501 to 502...
    -> Agent verifying pages 503 to 504...
    -> Agent verifying pages 505 to 506...
    -> Agent verifying pages 507 to 508...
    -> Agent verifying pages 509 to 510...
    -> Agent verifying pages 511 to 512...
    -> Agent verifying pages 513 to 514...
    -> Agent verifying pages 515 to 516...
    -> Agent verifying pages 517 to 518...
    -> Agent verifying pages 519 to 520...
    -> Agent verifying pages 521 to 522...
    -> Agent verifying pages 523 to 524...
    -> Agent verifying pages 525 to 526...
    -> Agent verifying pages 527 to 528...
    -> Agent verifying pages 529 to 530...
    -> Agent verifying pages 531 to 532...
    -> Agent verifying pages 533 to 534...
    -> Agent verifying pages 535 to 536...
    -> Agent verifying pages 537 to 538...
    -> Agent verifying pages 539 to 540...
    -> Agent verifying pages 541 to 542...
    -> Agent verifying pages 543 to 544...
    -> Agent verifying pages 545 to 546...
    -> Agent verifying pages 547 to 548...
    -> Agent verifying pages 549 to 550...
    -> Agent verifying pages 551 to 552...
    -> Agent verifying pages 553 to 554...
    -> Agent verifying pages 555 to 556...
    -> Agent verifying pages 557 to 558...
    -> Agent verifying pages 559 to 560...
    -> Agent verifying pages 561 to 562...
    -> Agent verifying pages 563 to 564...
    -> Agent verifying pages 565 to 566...
    -> Agent verifying pages 567 to 568...
    -> Agent verifying pages 569 to 570...
    -> Agent verifying pages 571 to 572...
    -> Agent verifying pages 573 to 574...
    -> Agent verifying pages 575 to 576...
    -> Agent verifying pages 577 to 578...
    -> Agent verifying pages 579 to 580...
    -> Agent verifying pages 581 to 582...
    -> Agent verifying pages 583 to 584...
    -> Agent verifying pages 585 to 586...
    -> Agent verifying pages 587 to 588...
    -> Agent verifying pages 589 to 590...
    -> Agent verifying pages 591 to 592...
    -> Agent verifying pages 593 to 594...
    -> Agent verifying pages 595 to 596...
    -> Agent verifying pages 597 to 598...
    -> Agent verifying pages 599 to 600...
    -> Agent verifying pages 601 to 602...
    -> Agent verifying pages 603 to 604...
    -> Agent verifying pages 605 to 606...
    -> Agent verifying pages 607 to 607...
[!] WARNING: DVC failed to track /home/lucas/Projects/pdf_ingestion_pipeline/data/04_verified/gordon_baym_qm.json. Bypassing tracking constraint to continue pipeline.
    DVC Stderr: ERROR: bad DVC file name 'data/04_verified/gordon_baym_qm.json.dvc' is git-ignored.
[*] Stage 4: Semantic Chunking and Assembly...
[*] Pipeline execution complete. Outputs generated in 06_final_md and 07_final_tex.
[*] Pipeline completed successfully.
